"","Text","Types","Tokens","Sentences","Program","Country"
"1","text1",440,917,30,"Doctorado","Brazil"
"2","text2",373,771,29,"Doctorado","Brazil"
"3","text3",485,1175,45,"Doctorado","Brazil"
"4","text4",282,571,24,"Doctorado","Brazil"
"5","text5",231,624,6,"Especialização","Brazil"
"6","text6",231,624,6,"Especialização","Brazil"
"7","text7",412,1097,25,"Maestría","Brazil"
"8","text8",412,1097,25,"Maestría","Brazil"
"9","text9",135,339,5,"Doctorado","Brazil"
"10","text10",494,1545,35,"Maestría","Brazil"
"11","text11",914,3080,72,"Doctorado","Brazil"
"12","text12",298,931,22,"Doctorado","Brazil"
"13","text13",702,2013,41,"Especialização","Brazil"
"14","text14",411,1097,25,"Maestría","Brazil"
"15","text15",548,1435,34,"Maestría","Brazil"
"16","text16",182,407,9,"Especialização","Brazil"
"17","text17",274,498,8,"Maestría","Brazil"
"18","text18",369,811,20,"Maestría","Brazil"
"19","text19",484,1119,10,"Doctorado","Brazil"
"20","text20",368,832,19,"Doctorado","Brazil"
"21","text21",312,714,16,"Maestría","Brazil"
"22","text22",351,848,5,"Especialização","Brazil"
"23","text23",169,283,6,"Maestría","Brazil"
"24","text24",425,988,26,"Maestría","Brazil"
"25","text25",439,927,13,"Especialização","Brazil"
"26","text26",369,742,13,"Especialização","Brazil"
"27","text27",437,961,12,"Maestría","Brazil"
"28","text28",431,903,14,"Especialização","Brazil"
"29","text29",407,839,11,"Especialização","Brazil"
"30","text30",521,1072,14,"Especialização","Brazil"
"31","text31",457,942,11,"Especialização","Brazil"
"32","text32",232,482,8,"Maestría","Brazil"
"33","text33",254,522,14,"Doctorado","Brazil"
"34","text34",372,1120,56,"Especialização","Brazil"
"35","text35",1310,4644,128,"Doctorado","Brazil"
"36","text36",204,582,11,"Maestría","Brazil"
"37","text37",587,1537,40,"Doctorado","Brazil"
"38","text38",335,902,12,"Maestría","Brazil"
"39","text39",1158,5424,142,"Doctorado","Brazil"
"40","text40",197,359,6,"Maestría","Brazil"
"41","text41",445,1128,22,"Doctorado","Brazil"
"42","text42",445,979,38,"Maestría","Brazil"
"43","text43",204,325,6,"Especialização","Brazil"
"44","text44",153,333,16,"Especialização","Brazil"
"45","text45",1539,5593,118,"Especialização","Brazil"
"46","text46",277,543,16,"Maestría","Brazil"
"47","text47",286,620,13,"Especialização","Brazil"
"48","text48",544,1340,39,"Doctorado","Brazil"
"49","text49",530,1284,44,"Doctorado","Brazil"
"50","text50",655,1632,31,"Especialização","Brazil"
"51","text51",430,1225,43,"Doctorado","Brazil"
"52","text52",329,786,13,"Maestría","Brazil"
"53","text53",250,487,9,"Doctorado","Brazil"
"54","text54",247,607,14,"Doctorado","Brazil"
"55","text55",310,634,16,"Doctorado","Brazil"
"56","text56",194,310,6,"Maestría","Brazil"
"57","text57",492,1254,28,"Doctorado","Brazil"
"58","text58",487,1409,24,"Doctorado","Brazil"
"59","text59",408,969,22,"Doctorado","Brazil"
"60","text60",314,663,17,"Doctorado","Brazil"
"61","text61",335,665,6,"Maestría","Brazil"
"62","text62",358,653,19,"Especialização","Brazil"
"63","text63",271,549,11,"Doctorado","Brazil"
"64","text64",406,987,23,"Maestría","Brazil"
"65","text65",432,1171,25,"Doctorado","Brazil"
"66","text66",227,410,10,"Doctorado","Brazil"
"67","text67",271,594,23,"Especialização","Brazil"
"68","text68",248,607,14,"Doctorado","Brazil"
"69","text69",109,188,5,"Doctorado","Brazil"
"70","text70",270,590,18,"Maestría","Brazil"
"71","text71",105,154,8,"Doctorado","Brazil"
"72","text72",105,203,6,"Doctorado","Brazil"
"73","text73",319,810,17,"Maestría","Brazil"
"74","text74",273,642,16,"Maestría","Brazil"
"75","text75",175,297,8,"Especialização","Brazil"
"76","text76",203,391,3,"Maestría","Brazil"
"77","text77",214,396,4,"Maestría","Brazil"
"78","text78",256,492,5,"Maestría","Brazil"
"79","text79",291,642,6,"Maestría","Brazil"
"80","text80",210,448,5,"Maestría","Brazil"
"81","text81",200,350,8,"Maestría","Brazil"
"82","text82",552,1321,24,"Maestría","Brazil"
"83","text83",239,481,7,"Doctorado","Brazil"
"84","text84",401,839,15,"Doctorado","Brazil"
"85","text85",303,619,14,"Doctorado","Brazil"
"86","text86",474,1075,19,"Doctorado","Brazil"
"87","text87",238,717,11,"Doctorado","Brazil"
"88","text88",605,1423,16,"Maestría","Brazil"
"89","text89",192,439,6,"Especialização","Brazil"
"90","text90",643,1547,45,"Maestría","Brazil"
"91","text91",254,473,8,"Especialização","Brazil"
"92","text92",3166,11818,611,"Doctorado","Brazil"
"93","text93",197,359,14,"Doctorado","Brazil"
"94","text94",208,344,9,"Especialização","Brazil"
"95","text95",266,489,6,"Especialização","Brazil"
"96","text96",223,454,11,"Doctorado","Brazil"
"97","text97",605,1423,16,"Maestría","Brazil"
"98","text98",537,1263,20,"Doctorado","Brazil"
"99","text99",577,1591,29,"Especialização","Brazil"
"100","text100",599,1382,26,"Maestría","Brazil"
"101","text101",283,542,10,"Especialização","Brazil"
"102","text102",276,564,8,"Doctorado","Brazil"
"103","text103",1806,7976,192,"Doctorado","Brazil"
"104","text104",180,373,3,"Doctorado","Brazil"
"105","text105",253,538,17,"Doctorado","Brazil"
"106","text106",258,575,15,"Doctorado","Brazil"
"107","text107",251,562,12,"Doctorado","Brazil"
"108","text108",271,624,19,"Doctorado","Brazil"
"109","text109",510,1208,29,"Doctorado","Brazil"
"110","text110",282,865,7,"Doctorado","Brazil"
"111","text111",532,1434,25,"Doctorado","Brazil"
"112","text112",294,682,20,"Doctorado","Brazil"
"113","text113",412,890,10,"Doctorado","Brazil"
"114","text114",290,721,17,"Doctorado","Brazil"
"115","text115",831,2708,57,"Maestría","Brazil"
"116","text116",135,236,5,"Doctorado","Brazil"
"117","text117",341,885,14,"Doctorado","Brazil"
"118","text118",236,445,13,"Maestría","Brazil"
"119","text119",479,958,52,"Doctorado","Brazil"
"120","text120",223,475,14,"Especialização","Brazil"
"121","text121",282,539,16,"Doctorado","Brazil"
"122","text122",455,1795,33,"Doctorado","Brazil"
"123","text123",229,528,11,"Doctorado","Brazil"
"124","text124",393,911,25,"Maestría","Brazil"
"125","text125",720,1996,63,"Doctorado","Brazil"
"126","text126",215,547,12,"Doctorado","Brazil"
"127","text127",430,1029,21,"Doctorado","Brazil"
"128","text128",237,445,17,"Maestría","Brazil"
"129","text129",365,908,95,"Doctorado","Brazil"
"130","text130",166,343,5,"Especialização","Brazil"
"131","text131",261,485,10,"Especialização","Brazil"
"132","text132",232,615,7,"Doctorado","Brazil"
"133","text133",677,2037,38,"Doctorado","Brazil"
"134","text134",366,1230,13,"Doctorado","Brazil"
"135","text135",474,1286,23,"Doctorado","Brazil"
"136","text136",421,1061,26,"Maestría","Brazil"
"137","text137",363,1031,14,"Maestría","Brazil"
"138","text138",436,1750,18,"Doctorado","Brazil"
"139","text139",788,2537,45,"Doctorado","Brazil"
"140","text140",751,2366,37,"Doctorado","Brazil"
"141","text141",131,326,5,"Maestría","Brazil"
"142","text142",846,1921,43,"Maestría","Brazil"
"143","text143",217,374,10,"Especialização","Brazil"
"144","text144",732,2140,49,"Doctorado","Brazil"
"145","text145",232,697,12,"Doctorado","Brazil"
"146","text146",204,406,8,"Maestría","Brazil"
"147","text147",468,1075,20,"Doctorado","Brazil"
"148","text148",223,797,16,"Especialização","Brazil"
"149","text149",192,502,4,"Doctorado","Brazil"
"150","text150",230,565,4,"Doctorado","Brazil"
"151","text151",508,1703,27,"Doctorado","Brazil"
"152","text152",258,569,6,"Doctorado","Brazil"
"153","text153",222,551,9,"Doctorado","Brazil"
"154","text154",259,678,15,"Doctorado","Brazil"
"155","text155",657,1865,61,"Especialização","Brazil"
"156","text156",162,423,8,"Doctorado","Brazil"
"157","text157",467,1075,20,"Doctorado","Brazil"
"158","text158",313,658,11,"Especialização","Brazil"
"159","text159",194,436,15,"Especialização","Brazil"
"160","text160",423,1025,15,"Doctorado","Brazil"
"161","text161",293,682,20,"Doctorado","Brazil"
"162","text162",344,799,9,"Especialização","Brazil"
"163","text163",320,707,9,"Especialização","Brazil"
"164","text164",497,1166,14,"Doctorado","Brazil"
"165","text165",383,894,14,"Maestría","Brazil"
"166","text166",573,1396,21,"Maestría","Brazil"
"167","text167",631,1808,18,"Doctorado","Brazil"
"168","text168",424,1025,15,"Doctorado","Brazil"
"169","text169",573,1396,21,"Maestría","Brazil"
"170","text170",347,786,4,"Doctorado","Brazil"
"171","text171",212,526,14,"Especialização","Brazil"
"172","text172",383,867,13,"Maestría","Brazil"
"173","text173",246,559,11,"Especialização","Brazil"
"174","text174",390,960,13,"Doctorado","Brazil"
"175","text175",333,785,23,"Doctorado","Brazil"
"176","text176",205,462,4,"Maestría","Brazil"
"177","text177",477,2113,58,"Doctorado","Brazil"
"178","text178",206,414,8,"Maestría","Brazil"
"179","text179",605,1673,40,"Doctorado","Brazil"
"180","text180",369,1373,20,"Maestría","Brazil"
"181","text181",582,1511,17,"Doctorado","Brazil"
"182","text182",131,265,3,"Maestría","Brazil"
"183","text183",1017,2809,63,"Doctorado","Brazil"
"184","text184",177,454,9,"Doctorado","Brazil"
"185","text185",285,637,15,"Doctorado","Brazil"
"186","text186",280,522,15,"Maestría","Brazil"
"187","text187",220,386,7,"Especialização","Brazil"
"188","text188",232,557,8,"Maestría","Brazil"
"189","text189",239,480,8,"Maestría","Brazil"
"190","text190",598,1423,17,"Maestría","Brazil"
"191","text191",277,519,10,"Maestría","Brazil"
"192","text192",490,1142,21,"Maestría","Brazil"
"193","text193",462,1259,30,"Maestría","Brazil"
"194","text194",400,923,24,"Maestría","Brazil"
"195","text195",117,179,4,"Maestría","Brazil"
"196","text196",188,321,6,"Maestría","Brazil"
"197","text197",303,728,11,"Doctorado","Brazil"
"198","text198",230,460,11,"Doctorado","Brazil"
"199","text199",302,657,10,"Doctorado","Brazil"
"200","text200",380,943,21,"Maestría","Brazil"
"201","text201",139,240,4,"Maestría","Brazil"
"202","text202",504,1219,34,"Maestría","Brazil"
"203","text203",484,1086,40,"Especialização","Brazil"
"204","text204",214,400,7,"Especialização","Brazil"
"205","text205",303,600,14,"Especialização","Brazil"
"206","text206",346,719,32,"Especialização","Brazil"
"207","text207",175,453,10,"Doctorado","Brazil"
"208","text208",135,235,6,"Especialização","Brazil"
"209","text209",492,1103,31,"Maestría","Brazil"
"210","text210",646,1702,40,"Doctorado","Brazil"
"211","text211",149,280,10,"Especialização","Brazil"
"212","text212",160,253,5,"Doctorado","Brazil"
"213","text213",725,1897,27,"Doctorado","Brazil"
"214","text214",243,449,8,"Doctorado","Brazil"
"215","text215",518,1489,50,"Especialização","Brazil"
"216","text216",253,516,9,"Maestría","Brazil"
"217","text217",532,1253,54,"Maestría","Brazil"
"218","text218",197,343,6,"Especialização","Brazil"
"219","text219",467,1146,26,"Especialização","Brazil"
"220","text220",190,341,7,"Especialização","Brazil"
"221","text221",255,486,11,"Maestría","Brazil"
"222","text222",368,773,15,"Maestría","Brazil"
"223","text223",279,666,26,"Especialização","Brazil"
"224","text224",237,464,5,"Especialização","Brazil"
"225","text225",283,631,15,"Maestría","Brazil"
"226","text226",283,631,15,"Maestría","Brazil"
"227","text227",507,1108,20,"Maestría","Brazil"
"228","text228",321,637,17,"Maestría","Brazil"
"229","text229",261,499,13,"Especialização","Brazil"
"230","text230",283,631,15,"Maestría","Brazil"
"231","text231",501,1138,25,"Maestría","Brazil"
"232","text232",716,1831,53,"Maestría","Brazil"
"233","text233",113,148,2,"Maestría","Brazil"
"234","text234",776,2099,40,"Doctorado","Brazil"
"235","text235",234,702,5,"Doctorado","Brazil"
"236","text236",489,1966,21,"Doctorado","Brazil"
"237","text237",1522,6204,74,"Especialização","Brazil"
"238","text238",239,465,8,"Doctorado","Brazil"
"239","text239",162,270,5,"Especialização","Brazil"
"240","text240",610,1740,38,"Especialização","Brazil"
"241","text241",709,2000,47,"Maestría","Brazil"
"242","text242",565,1705,36,"Maestría","Brazil"
"243","text243",578,1393,33,"Doctorado","Brazil"
"244","text244",294,664,9,"Maestría","Brazil"
"245","text245",249,537,13,"Maestría","Brazil"
"246","text246",312,1413,16,"Doctorado","Brazil"
"247","text247",550,1374,26,"Doctorado","Brazil"
"248","text248",953,2701,69,"Doctorado","Brazil"
"249","text249",430,1054,27,"Especialização","Brazil"
"250","text250",599,1583,46,"Maestría","Brazil"
"251","text251",137,265,8,"Doctorado","Brazil"
"252","text252",291,569,11,"Maestría","Brazil"
"253","text253",232,433,12,"Especialização","Brazil"
"254","text254",169,278,8,"Especialização","Brazil"
"255","text255",398,830,21,"Doctorado","Brazil"
"256","text256",428,1041,34,"Doctorado","Brazil"
"257","text257",628,1431,32,"Especialização","Brazil"
"258","text258",264,591,19,"Doctorado","Brazil"
"259","text259",392,1109,15,"Especialização","Brazil"
"260","text260",387,1034,27,"Doctorado","Brazil"
"261","text261",465,1245,42,"Maestría","Brazil"
"262","text262",354,882,23,"Especialização","Brazil"
"263","text263",602,1616,29,"Maestría","Brazil"
"264","text264",306,906,9,"Maestría","Brazil"
"265","text265",287,878,8,"Maestría","Brazil"
"266","text266",253,804,9,"Doctorado","Brazil"
"267","text267",238,489,6,"Doctorado","Brazil"
"268","text268",384,985,27,"Doctorado","Brazil"
"269","text269",271,544,9,"Doctorado","Brazil"
"270","text270",220,412,6,"Doctorado","Brazil"
"271","text271",87,155,3,"Maestría","Brazil"
"272","text272",176,372,8,"Maestría","Brazil"
"273","text273",215,530,13,"Maestría","Brazil"
"274","text274",481,1199,26,"Especialização","Brazil"
"275","text275",345,908,18,"Doctorado","Brazil"
"276","text276",268,596,19,"Doctorado","Brazil"
"277","text277",214,460,11,"Maestría","Brazil"
"278","text278",347,893,18,"Especialização","Brazil"
"279","text279",147,315,7,"Especialização","Brazil"
"280","text280",1788,7508,220,"Maestría","Brazil"
"281","text281",144,329,9,"Especialização","Brazil"
"282","text282",163,382,16,"Especialização","Brazil"
"283","text283",269,738,22,"Doctorado","Brazil"
"284","text284",233,492,11,"Maestría","Brazil"
"285","text285",293,678,13,"Doctorado","Brazil"
"286","text286",351,811,30,"Maestría","Brazil"
"287","text287",214,472,15,"Doctorado","Brazil"
"288","text288",464,1201,24,"Doctorado","Brazil"
"289","text289",156,234,4,"Especialização","Brazil"
"290","text290",110,245,5,"Especialização","Brazil"
"291","text291",268,596,19,"Doctorado","Brazil"
"292","text292",110,245,5,"Especialização","Brazil"
"293","text293",415,836,24,"Maestría","Brazil"
"294","text294",334,712,8,"Doctorado","Brazil"
"295","text295",509,1228,23,"Doctorado","Brazil"
"296","text296",356,698,17,"Doctorado","Brazil"
"297","text297",400,794,19,"Doctorado","Brazil"
"298","text298",993,2603,57,"Doctorado","Brazil"
"299","text299",289,560,8,"Doctorado","Brazil"
"300","text300",277,520,8,"Maestría","Brazil"
"301","text301",375,662,14,"Especialização","Brazil"
"302","text302",280,553,6,"Doctorado","Brazil"
"303","text303",369,728,15,"Maestría","Brazil"
"304","text304",284,565,9,"Doctorado","Brazil"
"305","text305",281,746,19,"Doctorado","Brazil"
"306","text306",334,696,13,"Doctorado","Brazil"
"307","text307",345,774,15,"Doctorado","Brazil"
"308","text308",313,750,16,"Doctorado","Brazil"
"309","text309",153,373,3,"Especialização","Brazil"
"310","text310",319,1172,13,"Especialização","Brazil"
"311","text311",220,430,10,"Maestría","Brazil"
"312","text312",220,342,7,"Doctorado","Brazil"
"313","text313",326,686,14,"Doctorado","Brazil"
"314","text314",499,1396,23,"Doctorado","Brazil"
"315","text315",602,2204,44,"Doctorado","Brazil"
"316","text316",904,3387,157,"Doctorado","Brazil"
"317","text317",2019,7317,245,"Doctorado","Brazil"
"318","text318",133,226,4,"Maestría","Brazil"
"319","text319",216,546,8,"Doctorado","Brazil"
"320","text320",493,1335,18,"Doctorado","Brazil"
"321","text321",546,1447,29,"Doctorado","Brazil"
"322","text322",546,1447,29,"Doctorado","Brazil"
"323","text323",117,202,5,"Doctorado","Brazil"
"324","text324",137,240,5,"Especialização","Brazil"
"325","text325",231,462,14,"Doctorado","Brazil"
"326","text326",124,214,7,"Doctorado","Brazil"
"327","text327",129,226,7,"Doctorado","Brazil"
"328","text328",122,159,6,"Doctorado","Brazil"
"329","text329",367,777,21,"Doctorado","Brazil"
"330","text330",245,519,12,"Maestría","Brazil"
"331","text331",265,621,7,"Maestría","Brazil"
"332","text332",377,1177,10,"Doctorado","Brazil"
"333","text333",246,657,6,"Maestría","Brazil"
"334","text334",366,849,15,"Maestría","Brazil"
"335","text335",531,1276,34,"Doctorado","Brazil"
"336","text336",255,434,10,"Doctorado","Brazil"
"337","text337",659,1541,51,"Doctorado","Brazil"
"338","text338",513,1357,42,"Doctorado","Brazil"
"339","text339",401,1014,33,"Doctorado","Brazil"
"340","text340",495,1342,51,"Doctorado","Brazil"
"341","text341",249,1010,38,"Doctorado","Brazil"
"342","text342",121,170,4,"Especialização","Brazil"
"343","text343",340,855,18,"Doctorado","Brazil"
"344","text344",1287,4449,138,"Doctorado","Brazil"
"345","text345",1287,4449,138,"Doctorado","Brazil"
"346","text346",507,1388,36,"Doctorado","Brazil"
"347","text347",133,226,4,"Maestría","Brazil"
"348","text348",335,698,12,"Maestría","Brazil"
"349","text349",295,633,9,"Maestría","Brazil"
"350","text350",674,1386,18,"Doctorado","Brazil"
"351","text351",649,1555,18,"Doctorado","Brazil"
"352","text352",242,525,12,"Maestría","Brazil"
"353","text353",418,1096,32,"Doctorado","Brazil"
"354","text354",480,1245,20,"Doctorado","Brazil"
"355","text355",418,1096,32,"Doctorado","Brazil"
"356","text356",196,339,11,"Doctorado","Brazil"
"357","text357",102,154,3,"Doctorado","Brazil"
"358","text358",141,207,4,"Doctorado","Brazil"
"359","text359",261,800,12,"Doctorado","Brazil"
"360","text360",209,494,9,"Especialização","Brazil"
"361","text361",254,484,10,"Maestría","Brazil"
"362","text362",344,746,20,"Maestría","Brazil"
"363","text363",920,3119,106,"Doctorado","Brazil"
"364","text364",206,500,11,"Especialização","Brazil"
"365","text365",331,705,18,"Maestría","Brazil"
"366","text366",494,1113,32,"Doctorado","Brazil"
"367","text367",216,476,14,"Especialização","Brazil"
"368","text368",237,547,14,"Especialização","Brazil"
"369","text369",236,468,12,"Maestría","Brazil"
"370","text370",194,333,9,"Doctorado","Brazil"
"371","text371",527,1894,16,"Doctorado","Brazil"
"372","text372",462,1923,17,"Doctorado","Brazil"
"373","text373",403,1582,7,"Doctorado","Brazil"
"374","text374",545,1928,17,"Doctorado","Brazil"
"375","text375",397,1398,6,"Doctorado","Brazil"
"376","text376",317,652,11,"Especialização","Brazil"
"377","text377",367,905,20,"Maestría","Brazil"
"378","text378",288,608,13,"Maestría","Brazil"
"379","text379",322,759,13,"Maestría","Brazil"
"380","text380",340,769,30,"Maestría","Brazil"
"381","text381",330,1046,28,"Doctorado","Brazil"
"382","text382",357,1334,55,"Maestría","Brazil"
"383","text383",448,2006,54,"Especialização","Brazil"
"384","text384",420,940,11,"Doctorado","Brazil"
"385","text385",354,859,7,"Doctorado","Brazil"
"386","text386",385,930,8,"Doctorado","Brazil"
"387","text387",421,1296,28,"Maestría","Brazil"
"388","text388",1035,5244,150,"Doctorado","Brazil"
"389","text389",1133,6952,199,"Doctorado","Brazil"
"390","text390",1393,8837,263,"Doctorado","Brazil"
"391","text391",420,1294,28,"Maestría","Brazil"
"392","text392",176,363,11,"Maestría","Brazil"
"393","text393",432,1020,30,"Doctorado","Brazil"
"394","text394",176,363,11,"Maestría","Brazil"
"395","text395",662,2359,28,"Especialização","Brazil"
"396","text396",281,555,11,"Doctorado","Brazil"
"397","text397",257,550,18,"Especialização","Brazil"
"398","text398",390,888,18,"Doctorado","Brazil"
"399","text399",826,2175,68,"Especialização","Brazil"
"400","text400",620,2743,49,"Doctorado","Brazil"
"401","text401",148,259,5,"Doctorado","Brazil"
"402","text402",227,602,25,"Especialização","Brazil"
"403","text403",384,1014,24,"Doctorado","Brazil"
"404","text404",729,2200,33,"Doctorado","Brazil"
"405","text405",520,1496,24,"Doctorado","Brazil"
"406","text406",486,1554,27,"Doctorado","Brazil"
"407","text407",716,2259,43,"Doctorado","Brazil"
"408","text408",213,477,8,"Doctorado","Brazil"
"409","text409",213,477,8,"Doctorado","Brazil"
"410","text410",205,520,6,"Maestría","Brazil"
"411","text411",530,1638,11,"Doctorado","Brazil"
"412","text412",514,1592,13,"Doctorado","Brazil"
"413","text413",703,1800,22,"Especialização","Brazil"
"414","text414",737,2160,26,"Doctorado","Brazil"
"415","text415",523,1618,18,"Doctorado","Brazil"
"416","text416",539,1627,14,"Doctorado","Brazil"
"417","text417",638,1846,15,"Doctorado","Brazil"
"418","text418",614,1931,18,"Doctorado","Brazil"
"419","text419",551,1696,14,"Doctorado","Brazil"
"420","text420",587,1744,13,"Doctorado","Brazil"
"421","text421",542,1737,12,"Doctorado","Brazil"
"422","text422",533,1568,9,"Doctorado","Brazil"
"423","text423",629,1901,16,"Doctorado","Brazil"
"424","text424",650,1936,15,"Doctorado","Brazil"
"425","text425",530,1608,10,"Doctorado","Brazil"
"426","text426",814,2523,40,"Doctorado","Brazil"
"427","text427",674,2122,13,"Doctorado","Brazil"
"428","text428",535,1593,10,"Doctorado","Brazil"
"429","text429",581,1684,14,"Doctorado","Brazil"
"430","text430",757,2138,26,"Doctorado","Brazil"
"431","text431",579,1730,16,"Doctorado","Brazil"
"432","text432",546,1655,15,"Doctorado","Brazil"
"433","text433",564,1701,10,"Doctorado","Brazil"
"434","text434",599,1722,11,"Doctorado","Brazil"
"435","text435",534,1704,16,"Doctorado","Brazil"
"436","text436",541,1645,8,"Doctorado","Brazil"
"437","text437",530,1676,11,"Doctorado","Brazil"
"438","text438",726,2040,39,"Maestría","Brazil"
"439","text439",166,280,8,"Especialização","Brazil"
"440","text440",672,1873,38,"Especialização","Brazil"
"441","text441",654,1949,36,"Especialização","Brazil"
"442","text442",718,2049,45,"Especialização","Brazil"
"443","text443",662,2018,38,"Especialização","Brazil"
"444","text444",699,2031,44,"Especialização","Brazil"
"445","text445",398,868,23,"Especialização","Brazil"
"446","text446",726,1964,49,"Especialização","Brazil"
"447","text447",638,1965,37,"Especialização","Brazil"
"448","text448",660,1970,39,"Especialização","Brazil"
"449","text449",731,2178,42,"Especialização","Brazil"
"450","text450",184,295,10,"Especialização","Brazil"
"451","text451",131,199,2,"Especialização","Brazil"
"452","text452",248,488,5,"Especialização","Brazil"
"453","text453",175,673,17,"Doctorado","Brazil"
"454","text454",163,627,16,"Especialização","Brazil"
"455","text455",224,713,19,"Maestría","Brazil"
"456","text456",540,1255,47,"Especialização","Brazil"
"457","text457",348,697,20,"Doctorado","Brazil"
"458","text458",410,940,17,"Doctorado","Brazil"
"459","text459",195,390,11,"Doctorado","Brazil"
"460","text460",254,453,20,"Maestría","Brazil"
"461","text461",211,452,11,"Especialização","Brazil"
"462","text462",736,1861,29,"Doctorado","Brazil"
"463","text463",396,838,27,"Especialização","Brazil"
"464","text464",328,897,16,"Especialização","Brazil"
"465","text465",1040,3314,94,"Maestría","Brazil"
"466","text466",337,887,13,"Doctorado","Brazil"
"467","text467",422,1174,29,"Doctorado","Brazil"
"468","text468",280,560,16,"Doctorado","Brazil"
"469","text469",273,606,24,"Doctorado","Brazil"
"470","text470",1339,5410,167,"Doctorado","Brazil"
"471","text471",404,871,27,"Doctorado","Brazil"
"472","text472",484,1353,22,"Maestría","Brazil"
"473","text473",215,389,14,"Especialização","Brazil"
"474","text474",381,735,24,"Doctorado","Brazil"
"475","text475",453,1357,27,"Doctorado","Brazil"
"476","text476",436,1010,23,"Doctorado","Brazil"
"477","text477",424,1173,12,"Maestría","Brazil"
"478","text478",677,1856,22,"Maestría","Brazil"
"479","text479",231,622,12,"Maestría","Brazil"
"480","text480",794,3204,63,"Doctorado","Brazil"
"481","text481",236,524,24,"Especialização","Brazil"
"482","text482",513,1253,30,"Doctorado","Brazil"
"483","text483",224,409,11,"Doctorado","Brazil"
"484","text484",238,419,8,"Doctorado","Brazil"
"485","text485",219,555,8,"Doctorado","Brazil"
"486","text486",343,1068,11,"Doctorado","Brazil"
"487","text487",377,803,13,"Doctorado","Brazil"
"488","text488",277,675,13,"Doctorado","Brazil"
"489","text489",324,744,20,"Maestría","Brazil"
"490","text490",288,661,14,"Especialização","Brazil"
"491","text491",253,535,14,"Especialização","Brazil"
"492","text492",303,756,15,"Doctorado","Brazil"
"493","text493",338,839,14,"Doctorado","Brazil"
"494","text494",294,721,14,"Doctorado","Brazil"
"495","text495",352,866,13,"Doctorado","Brazil"
"496","text496",183,312,6,"Doctorado","Brazil"
"497","text497",242,572,9,"Doctorado","Brazil"
"498","text498",198,389,7,"Doctorado","Brazil"
"499","text499",306,698,13,"Doctorado","Brazil"
"500","text500",172,329,5,"Doctorado","Brazil"
"501","text501",340,834,16,"Doctorado","Brazil"
"502","text502",254,604,8,"Maestría","Brazil"
"503","text503",250,596,10,"Maestría","Brazil"
"504","text504",246,448,12,"Especialização","Brazil"
"505","text505",219,436,10,"Maestría","Brazil"
"506","text506",343,962,25,"Doctorado","Brazil"
"507","text507",979,3138,90,"Maestría","Brazil"
"508","text508",262,606,10,"Doctorado","Brazil"
"509","text509",257,588,9,"Doctorado","Brazil"
"510","text510",237,772,40,"Maestría","Brazil"
"511","text511",264,603,10,"Doctorado","Brazil"
"512","text512",271,627,10,"Doctorado","Brazil"
"513","text513",209,422,7,"Doctorado","Brazil"
"514","text514",262,662,12,"Doctorado","Brazil"
"515","text515",202,419,14,"Doctorado","Brazil"
"516","text516",241,530,9,"Maestría","Brazil"
"517","text517",275,502,8,"Doctorado","Brazil"
"518","text518",343,635,10,"Maestría","Brazil"
"519","text519",241,580,16,"Doctorado","Brazil"
"520","text520",241,580,16,"Doctorado","Brazil"
"521","text521",342,633,6,"Especialização","Brazil"
"522","text522",443,1127,19,"Maestría","Brazil"
"523","text523",305,662,10,"Maestría","Brazil"
"524","text524",283,628,16,"Doctorado","Brazil"
"525","text525",498,1103,17,"Doctorado","Brazil"
"526","text526",559,1253,28,"Doctorado","Brazil"
"527","text527",526,1128,27,"Doctorado","Brazil"
"528","text528",714,1837,27,"Doctorado","Brazil"
"529","text529",800,2525,69,"Maestría","Brazil"
"530","text530",257,532,15,"Especialização","Brazil"
"531","text531",603,1492,34,"Maestría","Brazil"
"532","text532",603,1492,34,"Maestría","Brazil"
"533","text533",219,467,9,"Doctorado","Brazil"
"534","text534",1495,3970,73,"Especialização","Brazil"
"535","text535",831,2306,58,"Doctorado","Brazil"
"536","text536",555,1882,33,"Doctorado","Brazil"
"537","text537",228,469,10,"Doctorado","Brazil"
"538","text538",228,469,10,"Doctorado","Brazil"
"539","text539",377,909,19,"Maestría","Brazil"
"540","text540",489,1135,23,"Doctorado","Brazil"
"541","text541",353,608,14,"Maestría","Brazil"
"542","text542",310,573,16,"Maestría","Brazil"
"543","text543",494,874,17,"Maestría","Brazil"
"544","text544",387,774,19,"Maestría","Brazil"
"545","text545",306,539,13,"Especialização","Brazil"
"546","text546",274,574,13,"Doctorado","Brazil"
"547","text547",251,487,9,"Doctorado","Brazil"
"548","text548",743,1882,28,"Doctorado","Brazil"
"549","text549",158,651,20,"Especialização","Brazil"
"550","text550",298,610,30,"Maestría","Brazil"
"551","text551",252,495,8,"Especialização","Brazil"
"552","text552",307,630,15,"Especialização","Brazil"
"553","text553",573,1636,37,"Maestría","Brazil"
"554","text554",190,445,11,"Doctorado","Brazil"
"555","text555",473,1153,35,"Doctorado","Brazil"
"556","text556",171,305,7,"Especialização","Brazil"
"557","text557",575,1524,29,"Doctorado","Brazil"
"558","text558",197,399,13,"Especialização","Brazil"
"559","text559",1040,2734,97,"Maestría","Brazil"
"560","text560",1035,2935,56,"Especialização","Brazil"
"561","text561",213,495,8,"Doctorado","Brazil"
"562","text562",829,2314,59,"Maestría","Brazil"
"563","text563",510,1349,24,"Doctorado","Brazil"
"564","text564",324,681,8,"Especialização","Brazil"
"565","text565",250,497,13,"Doctorado","Brazil"
"566","text566",347,893,18,"Especialização","Brazil"
"567","text567",344,752,17,"Maestría","Brazil"
"568","text568",409,1039,17,"Doctorado","Brazil"
"569","text569",84,140,4,"Maestría","Brazil"
"570","text570",202,391,7,"Especialização","Brazil"
"571","text571",279,579,15,"Maestría","Brazil"
"572","text572",184,376,4,"Especialização","Brazil"
"573","text573",144,295,7,"Doctorado","Brazil"
"574","text574",508,1268,18,"Doctorado","Brazil"
"575","text575",367,873,16,"Doctorado","Brazil"
"576","text576",436,962,26,"Doctorado","Brazil"
"577","text577",417,1014,15,"Doctorado","Brazil"
"578","text578",244,464,4,"Doctorado","Brazil"
"579","text579",294,521,15,"Maestría","Brazil"
"580","text580",914,2575,63,"Doctorado","Brazil"
"581","text581",914,2575,63,"Doctorado","Brazil"
"582","text582",491,1135,26,"Maestría","Brazil"
"583","text583",333,656,16,"Especialização","Brazil"
"584","text584",221,467,14,"Especialização","Brazil"
"585","text585",350,751,13,"Maestría","Brazil"
"586","text586",465,1148,24,"Especialização","Brazil"
"587","text587",220,405,10,"Especialização","Brazil"
"588","text588",493,1257,16,"Maestría","Brazil"
"589","text589",357,884,16,"Maestría","Brazil"
"590","text590",254,564,12,"Maestría","Brazil"
"591","text591",464,1100,26,"Maestría","Brazil"
"592","text592",739,2457,58,"Doctorado","Brazil"
"593","text593",490,1252,16,"Maestría","Brazil"
"594","text594",492,1257,16,"Maestría","Brazil"
"595","text595",464,1100,26,"Maestría","Brazil"
"596","text596",309,744,12,"Doctorado","Brazil"
"597","text597",343,906,15,"Doctorado","Brazil"
"598","text598",358,959,10,"Doctorado","Brazil"
"599","text599",444,1016,16,"Doctorado","Brazil"
"600","text600",353,971,18,"Doctorado","Brazil"
"601","text601",295,743,13,"Doctorado","Brazil"
"602","text602",335,880,12,"Doctorado","Brazil"
"603","text603",440,1036,27,"Doctorado","Brazil"
"604","text604",325,758,14,"Doctorado","Brazil"
"605","text605",274,637,16,"Doctorado","Brazil"
"606","text606",274,637,16,"Doctorado","Brazil"
"607","text607",313,869,8,"Doctorado","Brazil"
"608","text608",391,1095,15,"Doctorado","Brazil"
"609","text609",543,1490,29,"Doctorado","Brazil"
"610","text610",719,2182,48,"Doctorado","Brazil"
"611","text611",399,1153,23,"Doctorado","Brazil"
"612","text612",402,999,13,"Doctorado","Brazil"
"613","text613",668,2603,13,"Doctorado","Brazil"
"614","text614",352,823,16,"Doctorado","Brazil"
"615","text615",352,823,16,"Doctorado","Brazil"
"616","text616",337,889,14,"Doctorado","Brazil"
"617","text617",516,1269,18,"Doctorado","Brazil"
"618","text618",326,841,11,"Doctorado","Brazil"
"619","text619",317,811,13,"Doctorado","Brazil"
"620","text620",326,803,15,"Doctorado","Brazil"
"621","text621",402,999,13,"Doctorado","Brazil"
"622","text622",529,1438,16,"Doctorado","Brazil"
"623","text623",291,731,8,"Doctorado","Brazil"
"624","text624",574,1419,28,"Doctorado","Brazil"
"625","text625",410,1121,15,"Doctorado","Brazil"
"626","text626",345,795,11,"Doctorado","Brazil"
"627","text627",374,1031,14,"Doctorado","Brazil"
"628","text628",348,845,18,"Doctorado","Brazil"
"629","text629",414,1025,20,"Doctorado","Brazil"
"630","text630",583,1791,25,"Doctorado","Brazil"
"631","text631",422,1196,21,"Doctorado","Brazil"
"632","text632",84,127,5,"Doctorado","Brazil"
"633","text633",113,194,9,"Doctorado","Brazil"
"634","text634",158,277,11,"Doctorado","Brazil"
"635","text635",168,321,5,"Maestría","Brazil"
"636","text636",1534,5936,173,"Maestría","Brazil"
"637","text637",322,681,11,"Maestría","Brazil"
"638","text638",312,658,8,"Maestría","Brazil"
"639","text639",817,2181,46,"Doctorado","Brazil"
"640","text640",418,831,17,"Maestría","Brazil"
"641","text641",344,711,11,"Maestría","Brazil"
"642","text642",305,638,9,"Maestría","Brazil"
"643","text643",321,670,11,"Maestría","Brazil"
"644","text644",266,512,13,"Maestría","Brazil"
"645","text645",193,318,10,"Doctorado","Brazil"
"646","text646",470,1000,11,"Especialização","Brazil"
"647","text647",407,839,11,"Especialização","Brazil"
"648","text648",361,810,13,"Doctorado","Brazil"
"649","text649",181,269,11,"Doctorado","Brazil"
"650","text650",249,536,7,"Especialização","Brazil"
"651","text651",323,682,10,"Maestría","Brazil"
"652","text652",292,616,10,"Maestría","Brazil"
"653","text653",312,611,16,"Doctorado","Brazil"
"654","text654",229,378,7,"Maestría","Brazil"
"655","text655",311,658,11,"Maestría","Brazil"
"656","text656",296,647,9,"Maestría","Brazil"
"657","text657",438,985,15,"Doctorado","Brazil"
"658","text658",344,760,13,"Especialização","Brazil"
"659","text659",218,426,11,"Especialização","Brazil"
"660","text660",193,396,9,"Maestría","Brazil"
"661","text661",358,976,6,"Doctorado","Brazil"
"662","text662",197,511,1,"Doctorado","Brazil"
"663","text663",245,702,2,"Doctorado","Brazil"
"664","text664",135,287,5,"Doctorado","Brazil"
"665","text665",287,533,2,"Doctorado","Brazil"
"666","text666",182,362,3,"Doctorado","Brazil"
"667","text667",211,410,7,"Maestría","Brazil"
"668","text668",289,530,10,"Especialização","Brazil"
"669","text669",211,410,7,"Maestría","Brazil"
"670","text670",435,1068,10,"Maestría","Brazil"
"671","text671",432,1029,10,"Maestría","Brazil"
"672","text672",282,643,18,"Especialização","Brazil"
"673","text673",479,1157,14,"Maestría","Brazil"
"674","text674",421,1021,11,"Maestría","Brazil"
"675","text675",645,1518,37,"Maestría","Brazil"
"676","text676",426,1037,10,"Maestría","Brazil"
"677","text677",479,1157,14,"Maestría","Brazil"
"678","text678",390,866,16,"Especialização","Brazil"
"679","text679",432,1029,10,"Maestría","Brazil"
"680","text680",191,365,7,"Maestría","Brazil"
"681","text681",118,184,4,"Especialização","Brazil"
"682","text682",277,639,12,"Doctorado","Brazil"
"683","text683",179,342,5,"Maestría","Brazil"
"684","text684",135,227,5,"Maestría","Brazil"
"685","text685",168,332,6,"Doctorado","Brazil"
"686","text686",185,391,6,"Maestría","Brazil"
"687","text687",169,330,6,"Especialização","Brazil"
"688","text688",171,382,7,"Doctorado","Brazil"
"689","text689",104,168,5,"Maestría","Brazil"
"690","text690",151,273,4,"Maestría","Brazil"
"691","text691",189,401,7,"Especialização","Brazil"
"692","text692",177,349,9,"Maestría","Brazil"
"693","text693",145,279,5,"Doctorado","Brazil"
"694","text694",192,398,5,"Maestría","Brazil"
"695","text695",347,957,26,"Maestría","Brazil"
"696","text696",279,716,3,"Maestría","Brazil"
"697","text697",265,721,14,"Maestría","Brazil"
"698","text698",517,1230,31,"Doctorado","Brazil"
"699","text699",347,957,26,"Maestría","Brazil"
"700","text700",269,648,17,"Especialização","Brazil"
"701","text701",265,721,14,"Maestría","Brazil"
"702","text702",326,841,11,"Doctorado","Brazil"
"703","text703",165,341,9,"Maestría","Brazil"
"704","text704",146,267,7,"Especialização","Brazil"
"705","text705",136,263,4,"Doctorado","Brazil"
"706","text706",261,531,11,"Doctorado","Brazil"
"707","text707",390,1006,17,"Doctorado","Brazil"
"708","text708",278,573,11,"Doctorado","Brazil"
"709","text709",156,379,5,"Especialização","Brazil"
"710","text710",278,573,11,"Doctorado","Brazil"
"711","text711",252,769,7,"Especialização","Brazil"
"712","text712",278,573,11,"Doctorado","Brazil"
"713","text713",244,489,11,"Doctorado","Brazil"
"714","text714",236,535,11,"Doctorado","Brazil"
"715","text715",206,394,9,"Maestría","Brazil"
"716","text716",344,951,6,"Doctorado","Brazil"
"717","text717",222,490,11,"Especialização","Brazil"
"718","text718",421,1099,7,"Doctorado","Brazil"
"719","text719",245,559,5,"Doctorado","Brazil"
"720","text720",716,3274,23,"Doctorado","Brazil"
"721","text721",222,490,11,"Especialização","Brazil"
"722","text722",275,771,8,"Doctorado","Brazil"
"723","text723",716,3274,23,"Doctorado","Brazil"
"724","text724",1127,3539,103,"Doctorado","Brazil"
"725","text725",341,752,17,"Especialização","Brazil"
"726","text726",368,773,15,"Maestría","Brazil"
"727","text727",341,752,17,"Especialização","Brazil"
"728","text728",1533,5214,127,"Maestría","Brazil"
"729","text729",3074,13401,391,"Maestría","Brazil"
"730","text730",2018,7317,245,"Doctorado","Brazil"
"731","text731",593,1472,44,"Doctorado","Brazil"
"732","text732",662,1886,31,"Doctorado","Brazil"
"733","text733",254,468,10,"Especialização","Brazil"
"734","text734",1315,3748,85,"Doctorado","Brazil"
"735","text735",197,343,4,"Maestría","Brazil"
"736","text736",253,474,11,"Doctorado","Brazil"
"737","text737",220,371,3,"Especialização","Brazil"
"738","text738",255,494,9,"Maestría","Brazil"
"739","text739",293,504,15,"Maestría","Brazil"
"740","text740",364,794,12,"Especialização","Brazil"
"741","text741",286,629,15,"Especialização","Brazil"
"742","text742",344,959,22,"Especialização","Brazil"
"743","text743",421,868,15,"Maestría","Brazil"
"744","text744",451,1245,33,"Doctorado","Brazil"
"745","text745",342,640,7,"Maestría","Brazil"
"746","text746",278,477,5,"Maestría","Brazil"
"747","text747",652,1675,37,"Doctorado","Brazil"
"748","text748",405,947,28,"Doctorado","Brazil"
"749","text749",359,782,15,"Especialização","Brazil"
"750","text750",263,496,16,"Maestría","Brazil"
"751","text751",283,517,9,"Maestría","Brazil"
"752","text752",241,440,11,"Doctorado","Brazil"
"753","text753",140,244,5,"Especialização","Brazil"
"754","text754",434,983,27,"Doctorado","Brazil"
"755","text755",287,521,9,"Maestría","Brazil"
"756","text756",359,782,15,"Especialização","Brazil"
"757","text757",300,669,15,"Doctorado","Brazil"
"758","text758",178,268,10,"Doctorado","Brazil"
"759","text759",178,268,10,"Doctorado","Brazil"
"760","text760",193,341,9,"Maestría","Brazil"
"761","text761",193,341,9,"Maestría","Brazil"
"762","text762",247,565,11,"Maestría","Brazil"
"763","text763",342,770,20,"Especialização","Brazil"
"764","text764",241,524,8,"Maestría","Brazil"
"765","text765",522,1488,29,"Maestría","Brazil"
"766","text766",388,956,22,"Doctorado","Brazil"
"767","text767",507,1388,36,"Doctorado","Brazil"
"768","text768",1135,4900,138,"Doctorado","Brazil"
"769","text769",431,903,14,"Especialização","Brazil"
"770","text770",432,1050,19,"Maestría","Brazil"
"771","text771",361,702,9,"Doctorado","Brazil"
"772","text772",277,586,14,"Especialização","Brazil"
"773","text773",354,642,20,"Especialização","Brazil"
"774","text774",234,433,7,"Doctorado","Brazil"
"775","text775",259,588,15,"Doctorado","Brazil"
"776","text776",1304,5821,158,"Doctorado","Brazil"
"777","text777",244,623,11,"Doctorado","Brazil"
"778","text778",245,605,9,"Doctorado","Brazil"
"779","text779",238,543,9,"Maestría","Brazil"
"780","text780",385,1002,14,"Especialização","Brazil"
"781","text781",385,1002,14,"Especialização","Brazil"
"782","text782",215,536,6,"Doctorado","Brazil"
"783","text783",252,501,12,"Doctorado","Brazil"
"784","text784",348,752,20,"Maestría","Brazil"
"785","text785",363,886,19,"Maestría","Brazil"
"786","text786",292,687,18,"Doctorado","Brazil"
"787","text787",193,368,6,"Especialização","Brazil"
"788","text788",223,609,10,"Maestría","Brazil"
"789","text789",174,387,6,"Maestría","Brazil"
"790","text790",2962,12771,839,"Especialização","Brazil"
"791","text791",273,637,13,"Doctorado","Brazil"
"792","text792",265,675,13,"Doctorado","Brazil"
"793","text793",260,598,10,"Maestría","Brazil"
"794","text794",265,639,14,"Doctorado","Brazil"
"795","text795",235,581,10,"Doctorado","Brazil"
"796","text796",279,622,16,"Doctorado","Brazil"
"797","text797",245,536,14,"Especialização","Brazil"
"798","text798",295,511,11,"Doctorado","Brazil"
"799","text799",268,658,15,"Doctorado","Brazil"
"800","text800",147,328,3,"Maestría","Brazil"
"801","text801",233,560,10,"Doctorado","Brazil"
"802","text802",311,799,14,"Especialização","Brazil"
"803","text803",328,794,23,"Maestría","Brazil"
"804","text804",174,374,7,"Doctorado","Brazil"
"805","text805",226,491,9,"Doctorado","Brazil"
"806","text806",122,234,5,"Especialização","Brazil"
"807","text807",220,568,11,"Doctorado","Brazil"
"808","text808",177,315,8,"Doctorado","Brazil"
"809","text809",666,2603,13,"Doctorado","Brazil"
"810","text810",282,636,26,"Especialização","Brazil"
"811","text811",441,1154,24,"Doctorado","Brazil"
"812","text812",70,132,2,"Maestría","Brazil"
"813","text813",329,844,12,"Doctorado","Brazil"
"814","text814",240,468,11,"Maestría","Brazil"
"815","text815",717,2182,48,"Doctorado","Brazil"
"816","text816",313,795,10,"Doctorado","Brazil"
"817","text817",248,453,11,"Especialização","Brazil"
"818","text818",321,669,8,"Maestría","Brazil"
"819","text819",208,346,4,"Maestría","Brazil"
"820","text820",246,429,5,"Doctorado","Brazil"
"821","text821",193,442,14,"Maestría","Brazil"
"822","text822",332,702,15,"Especialização","Brazil"
"823","text823",157,262,6,"Especialização","Brazil"
"824","text824",204,326,7,"Maestría","Brazil"
"825","text825",238,548,13,"Maestría","Brazil"
"826","text826",170,335,5,"Doctorado","Brazil"
"827","text827",160,314,3,"Maestría","Brazil"
"828","text828",337,788,20,"Maestría","Brazil"
"829","text829",357,900,16,"Maestría","Brazil"
"830","text830",357,900,16,"Maestría","Brazil"
"831","text831",93,188,2,"Doctorado","Brazil"
"832","text832",734,2641,75,"Maestría","Brazil"
"833","text833",1061,3517,52,"Doctorado","Brazil"
"834","text834",541,1836,14,"Especialização","Brazil"
"835","text835",877,3948,36,"Doctorado","Brazil"
"836","text836",731,2368,42,"Doctorado","Brazil"
"837","text837",716,2419,41,"Doctorado","Brazil"
"838","text838",674,2700,78,"Doctorado","Brazil"
"839","text839",890,2982,37,"Doctorado","Brazil"
"840","text840",996,3820,54,"Doctorado","Brazil"
"841","text841",759,2430,31,"Doctorado","Brazil"
"842","text842",403,889,34,"Maestría","Brazil"
"843","text843",1123,4657,72,"Doctorado","Brazil"
"844","text844",287,507,12,"Especialização","Brazil"
"845","text845",968,3576,103,"Doctorado","Brazil"
"846","text846",715,2419,41,"Doctorado","Brazil"
"847","text847",722,2573,24,"Doctorado","Brazil"
"848","text848",1127,3666,70,"Doctorado","Brazil"
"849","text849",912,3186,35,"Doctorado","Brazil"
"850","text850",345,838,16,"Doctorado","Brazil"
"851","text851",248,650,10,"Doctorado","Brazil"
"852","text852",197,470,4,"Maestría","Brazil"
"853","text853",258,856,3,"Doctorado","Brazil"
"854","text854",197,470,4,"Maestría","Brazil"
"855","text855",267,488,13,"Doctorado","Brazil"
"856","text856",129,286,8,"Doctorado","Brazil"
"857","text857",431,1319,17,"Especialização","Brazil"
"858","text858",440,1367,17,"Especialização","Brazil"
"859","text859",123,214,4,"Especialização","Brazil"
"860","text860",174,356,9,"Maestría","Brazil"
"861","text861",213,632,24,"Maestría","Brazil"
"862","text862",1383,4560,68,"Maestría","Brazil"
"863","text863",432,975,20,"Doctorado","Brazil"
"864","text864",195,406,4,"Maestría","Brazil"
"865","text865",295,611,15,"Maestría","Brazil"
"866","text866",266,566,15,"Maestría","Brazil"
"867","text867",472,1367,11,"Maestría","Brazil"
"868","text868",422,1351,8,"Maestría","Brazil"
"869","text869",323,796,11,"Maestría","Brazil"
"870","text870",505,1233,21,"Maestría","Brazil"
"871","text871",292,606,11,"Doctorado","Brazil"
"872","text872",333,825,11,"Maestría","Brazil"
"873","text873",335,859,9,"Maestría","Brazil"
"874","text874",912,3058,66,"Doctorado","Brazil"
"875","text875",299,943,22,"Doctorado","Brazil"
"876","text876",914,3080,72,"Doctorado","Brazil"
"877","text877",245,624,6,"Especialização","Brazil"
"878","text878",245,624,6,"Especialização","Brazil"
"879","text879",1615,6839,247,"Doctorado","Brazil"
"880","text880",472,1152,24,"Maestría","Brazil"
"881","text881",394,770,6,"Doctorado","Brazil"
"882","text882",392,766,6,"Doctorado","Brazil"
"883","text883",369,747,7,"Doctorado","Brazil"
"884","text884",392,759,5,"Doctorado","Brazil"
"885","text885",1127,3666,70,"Doctorado","Brazil"
"886","text886",322,703,9,"Maestría","Brazil"
"887","text887",241,440,11,"Doctorado","Brazil"
"888","text888",1126,3754,109,"Doctorado","Brazil"
"889","text889",428,838,9,"Doctorado","Brazil"
"890","text890",277,517,10,"Doctorado","Brazil"
"891","text891",422,851,9,"Doctorado","Brazil"
"892","text892",88,156,4,"Maestría","Brazil"
"893","text893",364,695,9,"Maestría","Brazil"
"894","text894",203,362,9,"Doctorado","Brazil"
"895","text895",84,118,2,"Maestría","Brazil"
"896","text896",292,606,11,"Doctorado","Brazil"
"897","text897",237,546,13,"Maestría","Brazil"
"898","text898",519,1346,26,"Maestría","Brazil"
"899","text899",242,572,10,"Doctorado","Brazil"
"900","text900",1129,3546,183,"Maestría","Brazil"
"901","text901",403,955,8,"Doctorado","Brazil"
"902","text902",255,611,9,"Especialização","Brazil"
"903","text903",256,597,9,"Especialização","Brazil"
"904","text904",256,597,9,"Especialização","Brazil"
"905","text905",180,333,7,"Maestría","Brazil"
"906","text906",233,439,7,"Especialização","Brazil"
"907","text907",432,1379,27,"Maestría","Brazil"
"908","text908",432,1379,27,"Maestría","Brazil"
"909","text909",320,725,14,"Doctorado","Brazil"
"910","text910",320,725,14,"Doctorado","Brazil"
"911","text911",208,429,19,"Maestría","Brazil"
"912","text912",305,660,18,"Maestría","Brazil"
"913","text913",350,754,21,"Maestría","Brazil"
"914","text914",407,827,19,"Maestría","Brazil"
"915","text915",260,530,10,"Maestría","Brazil"
"916","text916",574,1660,28,"Doctorado","Brazil"
"917","text917",260,686,8,"Doctorado","Brazil"
"918","text918",268,507,11,"Maestría","Brazil"
"919","text919",377,827,19,"Doctorado","Brazil"
"920","text920",336,842,24,"Doctorado","Brazil"
"921","text921",184,356,8,"Doctorado","Brazil"
"922","text922",233,439,12,"Maestría","Brazil"
