"","active_listening","mathematics","reading_comprehension","science","speaking","writing","active_learning","critical_thinking","learning_strategy","monitoring"
"text1",0,0,0,3,0,0,0,0,0,1
"text2",0,0,0,1,0,0,1,0,0,1
"text3",1,0,0,10,0,0,0,0,0,2
"text4",0,0,0,0,0,0,0,0,0,2
"text5",0,0,1,0,1,0,0,0,0,0
"text6",0,0,1,0,1,0,0,0,0,0
"text7",0,0,0,2,0,0,0,0,0,0
"text8",0,0,0,2,0,0,0,0,0,0
"text9",0,0,0,1,0,0,0,0,0,0
"text10",0,0,2,13,0,0,0,0,0,0
"text11",2,0,3,22,0,0,1,0,1,1
"text12",0,0,1,10,0,0,0,0,1,0
"text13",2,0,0,15,0,0,2,0,0,0
"text14",0,0,0,2,0,0,0,0,0,0
"text15",0,0,0,1,1,0,0,0,0,0
"text16",0,0,0,2,0,0,0,0,0,0
"text17",1,0,0,2,0,0,1,0,0,0
"text18",0,0,0,3,1,0,0,0,0,0
"text19",0,0,0,3,0,0,0,0,3,1
"text20",1,0,1,2,0,0,0,0,0,0
"text21",0,0,0,2,0,0,0,0,1,0
"text22",5,0,0,3,1,0,0,0,0,0
"text23",0,0,0,3,1,0,0,0,0,1
"text24",4,0,1,0,0,0,0,0,1,0
"text25",2,0,1,9,3,0,0,0,0,0
"text26",2,0,1,5,2,0,0,0,0,0
"text27",2,10,1,16,3,0,0,0,1,0
"text28",2,1,1,11,2,0,0,0,2,0
"text29",2,0,1,12,2,0,0,0,0,1
"text30",2,0,1,13,3,0,1,0,0,0
"text31",2,0,1,10,3,0,0,0,0,0
"text32",0,0,1,2,0,0,0,0,0,0
"text33",0,0,1,1,0,0,0,0,0,0
"text34",0,0,1,1,3,0,0,1,0,0
"text35",0,0,0,16,1,0,1,0,0,0
"text36",0,0,0,1,0,0,2,0,0,0
"text37",1,0,0,1,1,0,0,0,4,0
"text38",0,0,0,4,0,0,0,0,0,0
"text39",5,0,4,13,1,0,2,0,2,0
"text40",0,0,0,1,0,0,0,0,0,0
"text41",0,0,0,1,0,0,0,0,2,0
"text42",0,0,1,0,0,0,0,0,0,0
"text43",0,0,0,1,0,0,0,0,0,0
"text44",0,0,0,0,0,0,0,0,0,0
"text45",2,0,4,8,2,1,5,1,7,2
"text46",0,0,1,2,0,0,0,0,0,0
"text47",0,0,1,6,1,0,0,0,0,1
"text48",2,0,1,5,0,0,0,0,0,1
"text49",0,1,1,6,0,0,0,1,0,1
"text50",2,0,3,5,3,0,3,3,1,0
"text51",1,0,0,3,0,0,0,0,1,0
"text52",2,0,0,3,2,0,2,0,0,0
"text53",0,0,0,5,1,0,0,0,0,0
"text54",0,0,0,1,0,0,0,0,0,0
"text55",0,0,0,2,1,0,0,0,0,0
"text56",0,0,0,1,1,0,0,0,0,0
"text57",0,0,0,19,1,0,0,0,0,0
"text58",1,0,1,4,1,0,0,0,0,0
"text59",1,0,0,2,3,0,0,0,0,0
"text60",2,0,0,0,1,0,1,0,0,0
"text61",1,0,0,0,1,0,0,0,0,0
"text62",1,0,0,10,1,0,0,1,0,0
"text63",2,0,0,1,2,0,0,0,1,0
"text64",0,0,0,2,1,0,0,0,0,0
"text65",0,0,0,14,0,0,0,0,0,0
"text66",1,0,0,1,0,0,1,0,0,0
"text67",0,0,0,0,0,0,2,0,0,0
"text68",0,0,0,1,0,0,0,0,0,0
"text69",0,0,0,0,0,0,0,0,0,0
"text70",0,0,0,0,0,0,0,0,0,0
"text71",0,0,0,1,0,0,0,0,0,0
"text72",0,0,0,0,0,0,0,0,0,0
"text73",0,0,0,11,0,0,0,0,0,2
"text74",0,0,0,1,0,0,0,0,0,0
"text75",0,0,0,2,0,0,1,0,0,0
"text76",0,0,0,2,0,0,0,0,0,0
"text77",0,0,0,1,0,0,0,0,0,0
"text78",0,0,0,2,0,0,0,0,2,0
"text79",2,0,1,0,0,0,0,1,0,0
"text80",0,0,0,3,0,0,0,0,0,0
"text81",0,0,0,0,0,0,0,0,0,0
"text82",1,0,1,0,0,0,0,0,0,0
"text83",0,0,0,2,0,0,0,0,0,0
"text84",2,0,2,3,0,0,0,0,0,0
"text85",0,0,2,3,0,0,0,0,0,0
"text86",0,0,0,8,1,0,0,0,0,0
"text87",0,0,0,9,0,0,0,0,0,5
"text88",0,0,0,2,1,0,0,0,0,0
"text89",0,0,4,0,0,0,0,0,1,0
"text90",0,0,0,1,1,0,0,0,3,0
"text91",0,0,0,1,1,0,0,0,0,0
"text92",0,0,7,14,5,0,9,0,3,9
"text93",0,0,0,1,0,0,0,0,0,0
"text94",0,0,0,2,0,0,0,0,0,0
"text95",2,0,0,1,0,0,0,0,0,0
"text96",0,0,0,0,0,0,0,0,0,0
"text97",0,0,0,2,1,0,0,0,0,0
"text98",0,0,0,2,0,0,0,0,0,0
"text99",0,0,0,5,0,0,1,0,0,0
"text100",0,0,1,2,0,0,0,0,0,0
"text101",0,0,0,1,1,0,0,0,0,0
"text102",0,0,0,2,0,0,0,0,0,0
"text103",0,0,68,4,0,3,1,0,0,3
"text104",0,0,1,1,1,0,0,0,0,0
"text105",0,0,0,2,0,0,0,0,0,0
"text106",0,0,0,0,20,0,1,0,1,0
"text107",0,0,0,1,20,0,0,0,2,0
"text108",0,0,0,2,0,0,1,0,1,0
"text109",1,0,0,3,0,0,2,0,0,0
"text110",1,0,0,4,0,1,0,0,0,0
"text111",0,0,0,12,0,0,0,0,0,0
"text112",0,0,0,2,0,0,0,0,0,0
"text113",0,0,0,9,1,0,0,0,0,1
"text114",1,0,3,0,1,0,0,0,0,2
"text115",2,0,1,27,0,0,1,1,2,1
"text116",0,0,0,0,0,0,0,0,0,0
"text117",0,0,0,16,0,0,0,1,0,2
"text118",0,0,0,2,0,0,0,1,0,0
"text119",2,0,0,3,0,0,2,0,0,0
"text120",0,0,0,6,0,0,0,0,0,0
"text121",0,1,0,3,0,0,0,0,0,0
"text122",0,0,4,7,0,0,0,0,4,0
"text123",2,0,0,4,0,0,2,0,0,0
"text124",0,0,0,2,0,0,0,0,0,0
"text125",1,0,1,6,1,0,0,0,0,0
"text126",0,20,0,0,0,0,0,0,0,0
"text127",1,0,0,2,0,0,0,0,0,2
"text128",0,0,0,2,0,0,0,0,0,0
"text129",0,0,0,2,0,0,0,0,0,0
"text130",0,0,0,0,0,0,0,0,0,0
"text131",0,0,1,1,0,0,0,0,0,0
"text132",1,0,0,0,0,0,0,0,0,0
"text133",1,0,0,2,2,0,1,0,0,0
"text134",0,1,0,2,1,0,0,0,0,0
"text135",0,0,2,4,1,0,0,0,0,0
"text136",0,0,0,0,1,0,0,0,0,0
"text137",0,0,1,9,1,0,0,0,0,0
"text138",0,0,0,4,1,0,0,0,0,0
"text139",1,0,0,4,2,0,2,0,0,0
"text140",0,0,2,4,1,0,0,0,0,0
"text141",1,0,0,3,0,0,1,0,0,0
"text142",0,0,1,2,2,0,1,0,0,1
"text143",0,8,0,1,0,0,0,0,0,0
"text144",0,0,0,25,1,2,0,0,0,0
"text145",0,0,1,1,0,0,0,0,0,0
"text146",0,0,0,10,1,0,0,0,0,0
"text147",0,0,0,1,1,0,0,0,0,1
"text148",0,0,0,1,0,0,0,0,0,0
"text149",0,0,1,1,1,0,0,0,0,0
"text150",0,0,3,0,0,0,0,0,0,0
"text151",0,0,1,0,0,0,0,0,0,1
"text152",0,0,2,2,0,0,0,0,0,0
"text153",0,0,4,0,1,0,0,0,0,0
"text154",0,0,0,1,0,0,0,0,0,1
"text155",0,0,0,4,0,0,0,1,0,0
"text156",0,0,0,6,0,0,0,0,0,0
"text157",0,0,0,1,1,0,0,0,0,1
"text158",0,0,0,8,1,0,0,0,0,0
"text159",0,0,0,1,9,0,0,0,0,0
"text160",0,13,0,24,1,0,0,0,0,1
"text161",0,0,0,2,0,0,0,0,0,0
"text162",0,0,0,15,1,0,1,0,0,0
"text163",0,0,0,14,1,0,0,0,0,0
"text164",0,0,0,10,2,0,0,0,1,0
"text165",0,0,0,8,1,0,0,0,0,0
"text166",0,0,3,8,1,0,0,0,0,0
"text167",1,0,0,8,1,0,0,0,0,1
"text168",0,13,0,24,1,0,0,0,0,1
"text169",0,0,3,8,1,0,0,0,0,0
"text170",0,0,1,8,1,0,0,0,0,0
"text171",0,0,0,1,1,0,0,0,0,0
"text172",0,0,0,9,1,0,0,0,0,0
"text173",0,0,0,1,1,1,0,0,0,0
"text174",0,0,0,8,1,0,0,0,0,0
"text175",0,0,1,0,0,0,0,0,0,1
"text176",0,0,0,0,0,0,0,0,0,0
"text177",1,0,0,0,0,0,0,0,1,0
"text178",0,0,0,0,0,0,0,0,0,0
"text179",0,0,0,6,0,0,0,0,0,0
"text180",0,0,1,1,2,0,0,0,0,0
"text181",0,0,0,18,0,0,0,0,3,1
"text182",0,0,1,0,0,0,0,1,0,0
"text183",0,0,1,6,6,0,0,0,1,1
"text184",0,0,0,11,0,0,0,0,0,0
"text185",0,0,0,2,0,0,0,0,0,1
"text186",1,0,1,6,1,0,0,0,0,0
"text187",0,0,1,4,1,0,2,0,0,0
"text188",0,0,0,1,0,0,0,0,0,0
"text189",0,0,0,2,0,0,0,0,0,0
"text190",1,0,2,4,0,0,1,0,0,0
"text191",0,0,0,3,0,0,0,0,0,0
"text192",0,0,0,2,1,0,0,0,0,1
"text193",0,0,0,0,0,0,2,0,0,2
"text194",0,0,0,0,1,0,0,0,0,0
"text195",0,0,0,2,0,0,0,0,0,0
"text196",0,0,0,0,0,0,0,0,0,0
"text197",0,0,1,11,1,0,0,0,0,0
"text198",0,1,1,2,0,0,0,1,0,0
"text199",0,0,1,2,0,0,0,0,0,0
"text200",1,13,1,22,0,0,0,0,1,0
"text201",0,0,1,2,0,0,0,0,0,0
"text202",1,0,1,5,0,0,0,0,0,0
"text203",5,0,1,6,0,0,0,0,0,1
"text204",0,0,1,1,0,0,2,0,0,0
"text205",0,0,1,4,0,0,2,0,0,0
"text206",2,0,1,5,0,0,0,0,0,0
"text207",0,0,0,6,0,0,0,0,0,0
"text208",0,4,1,0,0,0,0,0,0,0
"text209",2,0,1,2,0,0,1,0,1,1
"text210",3,0,0,2,2,0,0,0,0,1
"text211",0,0,0,5,0,0,0,0,0,0
"text212",0,0,0,1,0,0,0,0,0,0
"text213",1,0,1,9,0,0,2,2,0,0
"text214",1,0,0,2,0,0,0,1,0,0
"text215",2,0,1,9,4,0,2,0,0,1
"text216",0,0,1,1,0,0,0,1,0,0
"text217",1,1,2,9,1,1,0,0,0,1
"text218",1,1,1,2,0,0,0,0,0,0
"text219",6,0,1,2,0,0,0,0,0,0
"text220",0,0,1,0,0,0,0,0,0,0
"text221",0,0,0,5,0,0,0,0,0,0
"text222",0,0,0,5,0,0,0,0,0,1
"text223",1,0,0,0,0,0,0,0,0,0
"text224",0,0,0,0,0,0,0,0,0,0
"text225",0,8,0,13,0,0,0,0,2,0
"text226",0,8,0,13,0,0,0,0,2,0
"text227",0,0,2,6,1,0,1,0,0,0
"text228",0,0,0,2,15,0,0,0,0,0
"text229",0,0,0,8,0,0,0,0,0,0
"text230",0,8,0,13,0,0,0,0,2,0
"text231",0,0,1,2,1,0,0,0,0,0
"text232",1,0,0,5,0,1,2,0,0,0
"text233",0,0,0,1,0,0,0,0,0,0
"text234",3,0,1,5,5,0,0,0,1,0
"text235",0,0,0,0,2,0,0,0,0,0
"text236",0,0,0,1,25,0,0,0,0,0
"text237",7,0,1,0,8,0,3,1,6,1
"text238",0,0,1,1,0,0,0,0,0,0
"text239",0,0,0,0,0,0,0,0,0,0
"text240",1,0,2,0,2,0,0,2,3,0
"text241",0,1,2,3,0,0,0,1,3,0
"text242",3,0,0,1,0,0,0,0,1,1
"text243",1,0,0,0,1,0,2,0,0,0
"text244",0,0,0,1,0,0,0,0,1,0
"text245",0,0,0,6,0,0,0,0,0,0
"text246",1,0,0,3,4,0,0,0,0,0
"text247",0,0,5,1,0,0,0,0,0,0
"text248",0,0,0,11,0,0,2,0,0,1
"text249",1,0,1,2,0,0,0,1,0,0
"text250",0,0,14,6,0,0,1,0,0,0
"text251",0,0,0,0,0,0,0,0,0,0
"text252",0,0,0,2,0,0,0,0,0,0
"text253",0,0,0,6,0,0,0,1,0,0
"text254",0,0,0,0,0,0,0,0,0,0
"text255",0,0,1,3,0,0,0,0,0,0
"text256",0,0,1,3,0,0,0,1,0,0
"text257",1,0,0,2,0,0,0,4,5,0
"text258",0,0,1,1,0,0,0,0,0,0
"text259",0,0,0,0,0,0,0,0,1,2
"text260",0,0,1,5,0,0,0,0,0,0
"text261",0,0,1,1,0,0,0,2,0,1
"text262",0,0,5,0,0,0,0,0,1,0
"text263",0,0,0,1,0,0,0,0,0,0
"text264",0,0,0,0,12,0,0,0,0,0
"text265",0,0,2,0,0,0,0,0,1,0
"text266",0,0,0,0,0,0,0,0,0,0
"text267",0,0,0,1,0,0,2,0,0,0
"text268",1,0,0,10,3,0,1,1,0,0
"text269",0,0,0,1,0,0,1,0,0,0
"text270",0,0,0,1,0,0,1,0,0,0
"text271",0,0,0,1,0,0,0,0,0,0
"text272",0,0,0,0,0,0,0,0,0,0
"text273",0,0,0,0,0,0,0,0,0,0
"text274",0,0,0,5,0,0,0,0,2,0
"text275",0,0,1,4,0,0,0,0,0,0
"text276",1,0,0,2,0,0,0,0,0,0
"text277",0,0,0,8,0,0,0,0,0,0
"text278",2,0,9,2,0,0,1,0,1,1
"text279",0,0,0,7,0,0,0,0,0,0
"text280",1,0,41,84,5,0,1,0,5,0
"text281",0,0,0,0,0,0,0,0,0,0
"text282",0,0,0,0,0,0,0,0,0,0
"text283",0,0,0,2,1,0,0,0,0,0
"text284",0,0,0,1,0,0,0,0,0,0
"text285",0,0,0,0,0,0,0,0,1,1
"text286",0,12,0,4,0,0,0,0,0,1
"text287",0,0,0,0,0,0,0,0,0,0
"text288",0,0,0,0,1,0,0,0,0,0
"text289",0,0,0,2,0,0,0,1,0,0
"text290",0,0,0,1,0,0,1,0,0,0
"text291",1,0,0,2,0,0,0,0,0,0
"text292",0,0,0,1,0,0,1,0,0,0
"text293",0,0,0,3,0,0,0,0,0,0
"text294",0,0,1,13,0,0,1,1,0,0
"text295",0,0,0,1,3,0,1,0,0,0
"text296",0,0,0,11,0,0,0,0,0,0
"text297",0,0,0,11,0,0,0,0,0,0
"text298",0,0,0,2,0,0,0,0,3,0
"text299",0,0,1,1,0,0,0,0,2,0
"text300",0,0,1,2,0,0,1,0,3,0
"text301",0,0,1,0,1,0,1,0,3,0
"text302",0,0,1,8,0,0,0,0,2,0
"text303",1,0,2,1,0,0,0,0,2,1
"text304",0,0,1,0,0,0,0,0,2,0
"text305",0,0,1,0,0,0,0,0,2,0
"text306",0,0,2,1,0,0,0,0,2,0
"text307",0,0,0,0,1,0,1,0,0,1
"text308",1,0,0,0,1,0,0,0,0,0
"text309",1,0,0,1,1,0,1,0,1,1
"text310",1,0,2,3,0,0,0,0,0,0
"text311",0,0,0,2,0,0,0,0,0,0
"text312",0,0,0,0,0,0,0,0,0,0
"text313",1,0,0,1,0,0,1,0,0,0
"text314",0,20,0,24,2,0,0,0,0,0
"text315",2,0,0,6,0,0,0,0,0,0
"text316",0,2,24,9,1,0,0,0,0,1
"text317",9,0,22,7,1,0,0,3,0,0
"text318",0,0,0,0,0,0,0,0,0,0
"text319",0,0,0,4,0,0,0,0,0,0
"text320",0,0,1,25,0,0,1,0,0,0
"text321",1,0,0,14,0,0,0,0,0,0
"text322",1,0,0,14,0,0,0,0,0,0
"text323",0,0,0,0,0,0,0,0,0,0
"text324",0,0,0,7,0,0,0,1,0,0
"text325",0,0,0,1,1,0,0,0,0,0
"text326",0,0,0,0,0,0,0,0,0,0
"text327",0,0,0,0,0,0,0,0,0,0
"text328",0,0,0,0,0,0,0,0,0,0
"text329",0,0,0,2,1,0,0,0,2,0
"text330",0,0,0,0,0,0,0,0,0,0
"text331",1,0,6,1,1,0,0,0,0,0
"text332",2,0,8,3,0,0,0,0,0,0
"text333",1,0,6,6,0,0,0,0,0,0
"text334",1,0,6,3,0,0,0,0,0,0
"text335",0,0,2,8,0,0,0,0,0,0
"text336",0,0,1,1,0,0,0,0,0,0
"text337",0,0,1,3,0,0,1,0,0,0
"text338",0,0,0,0,0,0,0,0,0,0
"text339",0,0,0,2,2,0,0,0,0,0
"text340",0,0,0,7,2,0,0,1,0,0
"text341",6,0,0,0,0,0,0,0,0,0
"text342",0,0,0,0,0,0,0,0,0,0
"text343",0,0,0,7,0,0,0,0,0,0
"text344",2,0,0,12,6,0,6,0,1,0
"text345",2,0,0,12,6,0,6,0,1,0
"text346",0,0,0,13,0,0,0,0,0,0
"text347",0,0,0,0,0,0,0,0,0,0
"text348",0,0,0,1,1,0,0,0,0,0
"text349",0,0,0,0,1,0,0,0,0,0
"text350",0,0,1,4,0,0,0,0,1,0
"text351",0,0,1,2,1,0,0,0,0,0
"text352",1,0,2,0,0,0,0,0,0,0
"text353",0,0,0,3,0,1,0,0,0,0
"text354",2,0,0,4,0,0,0,0,0,0
"text355",0,0,0,3,0,1,0,0,0,0
"text356",0,0,0,1,0,0,0,0,0,0
"text357",0,0,0,2,1,0,0,0,0,0
"text358",0,0,0,0,0,0,0,0,0,0
"text359",0,0,0,0,4,0,0,0,0,0
"text360",0,0,2,0,0,0,0,0,0,0
"text361",0,0,1,1,0,0,0,0,0,0
"text362",0,0,1,0,0,0,0,0,0,1
"text363",0,0,1,22,0,0,2,0,2,1
"text364",0,0,1,2,2,0,0,0,0,0
"text365",0,0,1,5,0,1,0,0,0,0
"text366",0,1,0,0,0,0,0,0,0,0
"text367",0,0,1,0,0,0,0,0,0,0
"text368",0,0,2,1,0,0,0,0,0,0
"text369",0,0,1,0,0,0,0,0,0,0
"text370",0,0,1,0,0,0,0,0,0,0
"text371",0,0,1,5,0,0,0,0,1,1
"text372",0,0,1,1,0,0,0,0,0,0
"text373",0,0,1,2,0,0,0,0,0,0
"text374",0,0,2,3,0,0,0,0,0,0
"text375",0,0,1,0,0,0,0,1,0,0
"text376",4,0,1,0,1,0,0,0,0,0
"text377",0,0,0,1,2,0,0,0,0,0
"text378",0,0,1,1,0,0,0,0,0,0
"text379",0,0,1,3,0,0,0,0,0,0
"text380",0,0,1,1,0,0,0,0,0,0
"text381",0,0,1,2,0,0,0,0,0,2
"text382",1,0,1,6,8,0,0,0,1,0
"text383",0,0,9,14,2,0,0,0,0,0
"text384",1,0,0,1,2,0,0,0,0,0
"text385",0,0,0,2,2,0,0,0,0,0
"text386",0,0,0,2,6,0,0,0,0,0
"text387",1,0,0,3,1,0,0,0,0,0
"text388",0,0,4,2,2,0,0,0,2,0
"text389",0,0,4,5,2,2,0,0,2,0
"text390",1,0,6,18,1,0,0,0,2,1
"text391",1,0,0,2,1,0,0,0,0,0
"text392",0,0,0,1,0,0,0,0,0,0
"text393",0,0,0,2,0,0,0,0,0,0
"text394",0,0,0,1,0,0,0,0,0,0
"text395",1,0,0,6,0,1,0,0,0,0
"text396",1,0,1,1,0,0,0,0,0,0
"text397",0,0,1,1,0,0,0,0,0,1
"text398",1,0,0,3,0,0,0,0,0,0
"text399",0,0,1,14,7,0,2,0,5,0
"text400",2,0,7,23,0,0,0,0,1,0
"text401",0,1,0,6,0,0,0,0,0,0
"text402",1,0,0,5,0,0,0,0,0,0
"text403",0,0,0,9,0,0,0,0,0,0
"text404",0,0,0,6,2,0,1,0,2,0
"text405",0,0,0,1,4,0,1,0,2,0
"text406",0,0,2,2,1,0,1,0,2,0
"text407",0,0,0,1,1,0,1,0,2,0
"text408",0,0,0,1,0,0,0,0,0,0
"text409",0,0,0,1,0,0,0,0,0,0
"text410",0,11,0,11,1,0,0,0,2,0
"text411",2,0,4,0,1,0,0,0,2,1
"text412",2,0,4,2,1,0,0,0,0,0
"text413",2,0,2,15,3,0,0,0,0,0
"text414",3,0,4,5,1,0,1,0,0,0
"text415",2,0,4,1,3,0,0,0,0,0
"text416",2,0,4,1,1,0,0,0,0,0
"text417",2,0,4,3,4,0,0,0,1,0
"text418",2,0,4,2,1,0,0,0,0,0
"text419",2,0,4,8,1,0,0,0,0,0
"text420",2,0,4,1,1,0,0,0,0,0
"text421",1,0,3,5,2,0,0,0,0,0
"text422",2,0,4,0,1,0,0,0,0,0
"text423",2,0,4,1,1,0,0,1,0,0
"text424",2,0,4,8,2,0,0,0,0,0
"text425",2,0,4,0,1,0,0,0,0,0
"text426",2,0,4,4,2,0,0,0,0,1
"text427",2,0,3,2,3,0,0,0,1,0
"text428",2,0,4,1,1,0,0,0,0,0
"text429",2,0,4,10,1,0,0,0,0,0
"text430",2,0,4,4,19,0,0,0,0,0
"text431",2,10,4,0,1,0,0,0,1,0
"text432",3,0,4,0,1,0,0,1,0,0
"text433",2,0,6,2,2,0,0,0,0,0
"text434",2,0,4,4,1,0,1,0,2,0
"text435",1,0,3,0,1,0,0,0,1,0
"text436",2,0,4,2,2,0,0,0,0,0
"text437",2,0,4,2,10,0,0,0,0,0
"text438",1,0,5,4,0,1,0,0,2,1
"text439",0,0,0,1,0,0,0,0,0,0
"text440",0,7,0,7,0,0,1,0,0,0
"text441",0,0,0,17,5,0,1,0,0,2
"text442",1,0,0,10,0,0,1,0,2,0
"text443",0,0,1,3,0,0,1,1,1,2
"text444",2,0,0,4,0,0,0,0,0,2
"text445",0,3,0,8,0,0,1,0,0,0
"text446",1,0,0,4,0,0,1,0,0,1
"text447",0,0,0,5,1,0,0,0,10,0
"text448",1,0,0,5,1,0,1,0,14,1
"text449",0,0,3,5,3,5,0,1,0,1
"text450",0,0,0,1,0,0,1,0,0,1
"text451",0,0,0,3,0,0,1,0,1,0
"text452",0,0,3,6,1,0,1,0,0,0
"text453",0,0,0,1,0,0,0,0,0,0
"text454",0,0,0,0,0,0,0,0,0,0
"text455",0,0,0,5,0,0,0,0,0,0
"text456",0,0,2,12,0,0,0,0,0,1
"text457",0,0,0,0,0,0,0,0,0,0
"text458",1,0,0,1,2,1,0,0,0,0
"text459",0,0,0,0,0,0,0,0,0,0
"text460",1,0,1,1,0,0,1,1,0,0
"text461",0,0,0,11,0,0,0,0,1,0
"text462",0,0,0,2,1,0,0,0,1,2
"text463",1,0,1,3,0,0,0,0,0,0
"text464",2,0,0,3,1,0,0,1,0,0
"text465",4,48,1,28,0,0,0,0,1,1
"text466",0,0,0,0,0,0,0,0,0,0
"text467",0,19,1,0,0,0,0,0,0,0
"text468",0,0,1,4,0,0,0,0,0,0
"text469",0,9,0,3,0,0,0,0,0,0
"text470",0,17,7,41,0,14,0,1,1,0
"text471",0,0,1,18,0,0,0,1,0,0
"text472",0,0,0,15,0,0,0,0,0,0
"text473",0,0,1,2,0,0,0,0,0,0
"text474",0,0,0,6,0,0,0,0,0,0
"text475",0,0,0,0,1,0,1,0,2,0
"text476",1,0,0,5,5,0,0,0,0,0
"text477",0,1,0,13,0,0,1,1,0,0
"text478",1,0,0,21,3,1,0,1,0,0
"text479",0,1,0,6,0,1,0,0,0,1
"text480",3,0,7,2,1,0,0,0,0,3
"text481",0,0,0,1,0,0,0,0,1,0
"text482",1,0,0,0,3,0,1,1,0,0
"text483",0,0,0,2,0,0,0,0,0,0
"text484",0,0,0,0,0,0,0,0,1,0
"text485",0,0,0,9,0,0,0,0,0,0
"text486",0,0,0,4,9,0,0,1,0,0
"text487",0,0,0,1,0,0,0,0,0,1
"text488",0,0,0,0,0,0,0,0,0,0
"text489",0,7,0,10,0,0,0,0,0,0
"text490",0,6,0,13,0,0,0,0,1,0
"text491",0,8,0,4,0,0,0,0,0,0
"text492",0,0,0,3,0,0,0,0,0,0
"text493",0,0,0,11,0,0,0,0,0,0
"text494",0,0,0,11,0,0,0,0,0,0
"text495",0,0,0,4,0,0,0,0,0,0
"text496",0,0,0,2,0,0,0,0,0,0
"text497",0,0,0,2,0,0,0,0,0,0
"text498",1,0,0,13,0,0,0,0,0,0
"text499",0,0,0,2,0,0,0,0,0,0
"text500",0,0,0,2,0,0,0,0,0,0
"text501",0,0,0,4,0,0,0,0,0,0
"text502",0,0,0,11,0,0,0,0,0,0
"text503",0,0,0,4,0,0,0,0,0,1
"text504",0,0,0,3,0,0,0,0,0,1
"text505",0,0,0,0,0,0,0,0,0,0
"text506",0,0,1,2,0,0,1,0,0,0
"text507",0,5,1,20,1,0,1,0,6,0
"text508",0,0,0,9,0,0,0,0,0,0
"text509",0,0,0,5,0,0,0,1,0,0
"text510",0,0,0,2,0,0,0,0,0,1
"text511",0,0,0,5,0,0,0,0,0,0
"text512",0,0,0,2,0,0,0,0,0,0
"text513",0,0,0,1,0,0,0,0,0,0
"text514",0,0,0,1,0,0,0,1,0,0
"text515",0,0,0,5,0,0,0,0,0,0
"text516",0,14,0,2,0,0,0,0,0,0
"text517",0,0,0,1,0,0,0,0,0,0
"text518",0,1,0,0,0,0,0,0,1,0
"text519",1,1,2,2,0,0,0,0,0,0
"text520",1,1,2,2,0,0,0,0,0,0
"text521",0,0,0,0,1,0,0,0,0,0
"text522",0,0,1,1,1,0,0,0,0,0
"text523",0,0,0,1,0,0,0,0,0,0
"text524",0,0,1,1,0,0,0,0,0,0
"text525",0,0,0,1,0,0,0,0,5,0
"text526",0,0,2,4,0,0,0,0,0,0
"text527",0,0,2,1,0,0,0,1,0,0
"text528",0,0,2,2,0,0,0,3,0,3
"text529",2,0,0,8,0,0,0,0,0,1
"text530",0,0,0,1,0,0,0,0,0,0
"text531",2,0,0,4,0,0,2,1,0,0
"text532",2,0,0,4,0,0,2,1,0,0
"text533",0,0,0,4,0,0,2,2,2,0
"text534",1,0,0,4,2,0,2,1,0,5
"text535",4,1,1,6,0,0,1,0,6,0
"text536",0,0,2,0,1,0,0,0,0,1
"text537",0,11,0,4,0,0,1,0,0,0
"text538",0,11,0,4,0,0,1,0,0,0
"text539",1,0,0,0,2,0,0,0,0,0
"text540",1,0,0,1,2,0,0,0,0,0
"text541",1,0,0,0,2,0,0,0,0,0
"text542",1,0,0,1,2,0,0,0,0,0
"text543",1,0,0,3,2,0,0,0,0,0
"text544",1,0,0,5,2,0,0,0,0,0
"text545",1,0,0,3,2,0,0,0,0,0
"text546",0,0,1,14,0,0,0,0,0,1
"text547",0,0,0,5,1,0,0,0,0,0
"text548",0,0,1,3,1,0,2,1,0,0
"text549",0,0,1,0,0,0,0,0,0,0
"text550",1,0,0,2,0,0,1,3,0,1
"text551",0,0,0,4,1,0,0,0,0,0
"text552",2,0,0,0,6,0,0,0,0,0
"text553",0,0,0,5,0,0,0,0,0,0
"text554",0,0,2,0,0,0,0,0,0,2
"text555",0,0,0,1,0,0,0,1,0,0
"text556",0,0,0,1,5,0,0,0,0,0
"text557",0,0,0,14,1,0,0,0,2,0
"text558",0,0,1,1,0,0,0,0,0,0
"text559",1,0,0,6,1,0,1,0,0,1
"text560",7,1,4,19,0,0,2,12,1,1
"text561",0,0,0,4,0,0,0,0,0,0
"text562",0,0,0,6,1,0,0,1,0,0
"text563",0,0,0,2,1,0,0,0,0,1
"text564",5,0,2,0,4,0,0,0,0,0
"text565",0,0,0,0,0,0,1,0,0,0
"text566",2,0,9,2,0,0,1,0,1,1
"text567",0,0,1,6,1,0,0,0,0,1
"text568",0,0,0,2,0,0,0,0,0,0
"text569",0,2,0,4,0,0,0,0,0,0
"text570",1,0,0,3,0,0,1,0,0,1
"text571",0,0,0,0,0,0,0,0,0,0
"text572",0,0,2,12,1,0,0,0,0,0
"text573",1,0,0,0,2,0,0,0,3,0
"text574",0,0,4,4,0,0,2,1,0,1
"text575",0,0,1,4,0,0,0,0,0,0
"text576",1,0,4,3,2,0,1,0,0,0
"text577",1,0,2,18,0,0,0,0,0,1
"text578",1,0,1,1,0,0,1,0,0,0
"text579",0,0,0,0,0,0,0,0,0,0
"text580",2,0,0,7,0,0,0,0,0,0
"text581",2,0,0,7,0,0,0,0,0,0
"text582",2,0,1,3,0,0,3,0,2,0
"text583",0,0,0,6,2,0,0,0,0,0
"text584",0,0,1,0,2,0,0,0,0,0
"text585",0,0,0,5,2,0,0,0,0,0
"text586",0,0,0,1,2,0,0,0,2,0
"text587",0,0,2,3,0,0,0,0,0,0
"text588",0,0,0,0,0,0,0,0,0,0
"text589",2,0,0,0,0,0,0,0,0,0
"text590",0,0,0,7,0,0,0,0,0,0
"text591",0,0,1,11,0,0,0,0,5,0
"text592",0,0,0,6,0,0,2,0,0,0
"text593",0,0,0,0,0,0,0,0,0,0
"text594",0,0,0,0,0,0,0,0,0,0
"text595",0,0,1,11,0,0,0,0,5,0
"text596",0,0,2,0,4,0,0,0,0,0
"text597",0,0,2,0,1,0,0,0,0,0
"text598",0,0,1,0,1,0,0,0,0,1
"text599",0,0,1,0,1,0,0,0,0,0
"text600",0,0,1,2,1,0,0,0,0,0
"text601",0,0,2,2,1,0,0,0,0,0
"text602",0,0,2,1,1,0,0,0,0,0
"text603",3,0,1,9,1,0,0,0,0,0
"text604",0,0,1,2,1,0,0,0,0,0
"text605",0,0,2,2,0,0,0,0,0,0
"text606",0,0,2,2,0,0,0,0,0,0
"text607",0,0,4,1,1,0,0,0,0,0
"text608",0,0,2,2,3,0,0,0,0,0
"text609",1,0,3,1,2,0,0,0,0,0
"text610",0,0,3,2,1,0,0,0,0,1
"text611",0,0,2,6,1,0,0,0,0,0
"text612",0,15,3,16,1,0,0,0,1,0
"text613",0,0,2,1,1,1,0,0,0,0
"text614",0,0,3,1,1,0,0,0,0,0
"text615",0,0,3,1,1,0,0,0,0,0
"text616",0,0,2,0,2,0,0,0,0,0
"text617",0,0,2,0,2,0,0,0,0,0
"text618",0,0,2,1,1,0,0,0,0,0
"text619",0,0,3,0,13,0,0,0,0,0
"text620",0,0,2,0,1,0,0,0,0,0
"text621",0,15,3,16,1,0,0,0,1,0
"text622",0,0,2,19,1,0,0,0,0,0
"text623",0,0,2,10,1,0,0,0,0,0
"text624",0,0,3,4,1,0,0,0,0,0
"text625",0,0,0,4,1,0,0,0,0,0
"text626",0,0,2,1,11,0,0,0,0,0
"text627",0,0,3,2,1,0,0,0,0,0
"text628",0,0,2,2,1,0,0,0,0,0
"text629",0,0,2,0,2,0,0,0,0,0
"text630",0,0,2,8,1,0,0,0,0,0
"text631",0,27,2,0,1,0,0,0,0,0
"text632",0,0,0,0,0,0,0,0,0,0
"text633",0,0,0,0,0,0,0,0,0,0
"text634",0,0,0,0,0,0,0,0,0,0
"text635",0,0,0,1,0,0,0,0,0,0
"text636",2,0,0,23,0,0,1,0,0,0
"text637",1,0,0,2,0,0,0,0,0,0
"text638",1,0,0,2,0,0,0,0,0,0
"text639",1,0,1,10,2,0,1,0,0,1
"text640",2,0,0,2,0,0,0,0,0,0
"text641",1,0,0,1,0,0,0,0,1,0
"text642",1,0,0,3,0,0,0,0,0,0
"text643",1,0,0,3,0,0,0,0,0,0
"text644",0,0,0,7,1,0,0,0,0,0
"text645",0,0,1,8,0,0,0,0,0,0
"text646",2,0,1,13,3,0,0,0,0,1
"text647",2,0,1,12,2,0,0,0,0,1
"text648",1,0,0,9,0,0,0,0,0,0
"text649",0,0,1,0,0,0,0,0,0,0
"text650",0,0,0,1,0,0,0,0,0,0
"text651",2,0,0,4,0,0,0,0,0,0
"text652",1,0,0,1,0,0,0,0,0,0
"text653",0,0,2,6,1,0,0,0,0,0
"text654",0,0,0,3,1,0,0,0,0,0
"text655",1,0,0,2,0,0,0,0,0,0
"text656",1,0,0,3,0,0,0,0,0,0
"text657",3,0,1,5,1,0,1,1,0,0
"text658",1,0,0,6,0,0,1,0,0,0
"text659",0,0,1,1,0,0,1,0,0,0
"text660",0,0,0,7,0,0,0,0,0,0
"text661",0,0,1,0,0,0,0,0,0,0
"text662",0,0,0,2,0,0,0,0,0,0
"text663",0,12,0,1,0,0,0,0,0,0
"text664",0,0,2,0,0,0,0,0,0,0
"text665",0,0,0,4,0,0,0,0,0,0
"text666",0,0,0,6,0,0,0,0,0,0
"text667",0,0,0,0,0,0,0,0,0,0
"text668",0,1,1,10,1,0,0,0,0,0
"text669",0,0,0,0,0,0,0,0,0,0
"text670",0,0,0,9,7,0,0,0,0,0
"text671",0,0,0,7,7,0,0,0,0,0
"text672",0,10,0,0,0,0,0,0,0,0
"text673",0,0,0,5,7,0,0,0,0,0
"text674",0,0,0,6,7,0,0,0,0,0
"text675",0,0,0,0,0,0,0,0,0,1
"text676",0,0,0,4,7,0,0,0,0,0
"text677",0,0,0,5,7,0,0,0,0,0
"text678",0,0,0,1,1,0,0,0,0,0
"text679",0,0,0,7,7,0,0,0,0,0
"text680",0,0,0,2,0,0,0,0,0,0
"text681",0,0,0,0,0,0,0,0,0,0
"text682",0,0,0,13,1,0,0,0,0,1
"text683",0,0,0,7,0,0,0,0,0,0
"text684",0,0,0,4,0,0,0,0,0,0
"text685",0,0,1,4,0,0,0,0,0,0
"text686",1,0,0,0,0,0,1,0,0,0
"text687",0,0,0,3,0,0,0,0,0,0
"text688",0,0,1,0,0,0,0,0,0,0
"text689",0,0,0,1,0,0,1,0,0,0
"text690",0,0,0,1,0,0,0,0,0,0
"text691",0,0,0,4,4,0,0,0,0,0
"text692",0,6,1,6,0,0,0,0,0,0
"text693",1,0,1,4,0,0,0,0,0,0
"text694",0,0,1,9,5,0,0,0,0,0
"text695",1,0,0,4,0,0,0,0,0,1
"text696",0,0,0,1,0,0,0,0,0,0
"text697",0,0,0,1,0,0,0,0,0,0
"text698",2,2,3,9,1,0,0,0,0,0
"text699",1,0,0,4,0,0,0,0,0,1
"text700",0,0,0,1,0,0,0,0,0,1
"text701",0,0,0,1,0,0,0,0,0,0
"text702",0,0,2,1,1,0,0,0,0,0
"text703",0,0,0,2,7,0,0,0,0,0
"text704",0,0,0,0,0,0,0,0,0,0
"text705",0,7,0,0,0,0,0,0,0,0
"text706",0,14,0,0,0,0,0,0,0,0
"text707",0,0,0,3,0,0,0,0,0,0
"text708",0,0,0,1,0,0,0,0,0,0
"text709",0,0,0,0,0,0,0,0,0,0
"text710",0,0,0,1,0,0,0,0,0,0
"text711",0,0,0,1,0,0,0,0,0,0
"text712",0,0,0,1,0,0,0,0,0,0
"text713",0,0,0,0,0,0,0,0,0,0
"text714",0,0,0,0,0,0,0,0,0,0
"text715",0,0,1,8,0,0,0,1,0,0
"text716",0,0,2,1,0,0,0,0,0,0
"text717",0,0,0,0,1,0,0,0,1,0
"text718",1,0,0,4,1,0,0,0,0,0
"text719",0,0,1,1,0,0,0,0,0,0
"text720",0,0,2,1,0,0,0,0,0,0
"text721",0,0,0,0,1,0,0,0,1,0
"text722",0,1,0,8,0,0,0,0,0,0
"text723",0,0,2,1,0,0,0,0,0,0
"text724",3,0,5,3,0,0,1,0,0,0
"text725",0,0,0,1,0,0,1,0,0,0
"text726",0,0,0,5,0,0,0,0,0,1
"text727",0,0,0,1,0,0,1,0,0,0
"text728",1,0,0,24,3,0,0,1,1,1
"text729",9,0,15,32,1,0,6,5,5,5
"text730",9,0,22,7,1,0,0,3,0,0
"text731",0,0,1,8,1,0,1,0,0,0
"text732",0,0,1,6,0,0,0,1,0,1
"text733",0,1,0,5,0,0,0,0,0,0
"text734",1,0,0,5,2,0,0,0,1,1
"text735",0,0,0,2,0,0,0,0,0,0
"text736",0,0,0,0,0,0,0,0,0,0
"text737",0,0,0,0,0,0,0,0,0,0
"text738",0,8,1,11,0,0,0,0,1,0
"text739",0,0,0,2,0,0,0,1,0,0
"text740",0,0,0,2,1,0,2,0,0,0
"text741",0,0,0,0,0,0,0,0,0,0
"text742",3,0,0,4,0,0,1,0,4,0
"text743",2,0,0,7,1,0,0,0,1,0
"text744",2,0,1,0,2,0,0,0,0,0
"text745",0,0,1,15,1,0,0,0,0,0
"text746",0,0,1,13,1,0,0,0,0,0
"text747",0,0,0,7,0,0,0,0,0,0
"text748",6,0,1,7,0,0,5,0,0,3
"text749",0,0,0,7,0,0,0,0,0,1
"text750",0,0,0,0,0,0,0,0,0,0
"text751",0,0,0,0,1,0,0,0,0,0
"text752",0,0,0,4,0,0,0,0,0,0
"text753",0,0,0,1,0,0,0,0,0,0
"text754",0,0,2,3,0,0,0,0,0,0
"text755",0,0,0,0,1,0,0,0,0,0
"text756",0,0,0,7,0,0,0,0,0,1
"text757",0,0,0,11,0,0,0,0,0,0
"text758",0,0,0,0,0,0,0,0,0,0
"text759",0,0,0,0,0,0,0,0,0,0
"text760",0,0,0,8,0,0,0,0,0,0
"text761",0,0,0,8,0,0,0,0,0,0
"text762",0,0,2,1,0,0,0,0,0,0
"text763",1,1,0,3,0,0,0,0,0,0
"text764",0,0,0,0,0,0,0,1,1,0
"text765",1,0,0,8,0,0,0,0,0,1
"text766",0,0,0,1,0,0,0,0,0,1
"text767",0,0,0,13,0,0,0,0,0,0
"text768",5,1,9,27,0,0,1,0,18,0
"text769",2,1,1,11,2,0,0,0,2,0
"text770",2,0,0,6,4,0,0,0,0,0
"text771",0,1,0,13,0,0,0,0,0,1
"text772",0,14,0,0,0,0,0,0,0,0
"text773",1,0,1,1,0,0,1,0,0,0
"text774",0,0,0,2,0,0,0,0,0,0
"text775",0,0,0,2,0,0,0,0,0,0
"text776",0,0,4,19,2,4,0,1,5,0
"text777",0,0,0,1,0,0,0,0,0,0
"text778",0,0,0,1,0,0,0,0,0,0
"text779",0,0,0,2,0,0,0,0,0,0
"text780",0,0,1,12,0,0,0,0,0,0
"text781",0,0,1,12,0,0,0,0,0,0
"text782",0,0,0,1,0,0,0,0,1,0
"text783",0,2,0,2,0,0,1,0,1,1
"text784",0,0,0,0,0,0,0,0,0,0
"text785",0,15,1,2,0,0,0,1,0,0
"text786",0,0,0,3,0,0,0,0,0,0
"text787",0,0,0,2,0,0,0,0,0,0
"text788",0,0,0,3,0,0,0,0,0,0
"text789",0,0,0,1,0,0,0,0,0,0
"text790",11,13,8,56,1,0,8,8,11,2
"text791",0,0,0,2,0,0,0,0,0,0
"text792",0,0,0,2,0,0,0,0,3,0
"text793",0,0,0,1,0,0,0,0,0,0
"text794",0,0,0,8,0,0,0,0,0,0
"text795",0,0,0,1,0,0,0,0,0,0
"text796",0,1,0,4,0,0,0,0,0,0
"text797",1,0,0,0,0,0,1,0,0,0
"text798",0,0,0,2,0,0,0,0,0,0
"text799",0,0,0,6,0,0,0,0,0,0
"text800",0,0,0,0,0,0,0,0,0,0
"text801",0,0,0,2,0,0,0,0,0,0
"text802",2,0,2,1,0,0,0,0,0,0
"text803",0,0,0,2,1,0,0,0,0,0
"text804",0,0,0,1,0,0,0,0,0,0
"text805",0,0,0,3,0,0,0,0,0,0
"text806",1,0,0,0,0,0,1,0,0,0
"text807",0,0,0,1,0,0,0,0,0,0
"text808",0,0,0,0,0,0,0,0,0,0
"text809",0,0,2,1,1,1,0,0,0,0
"text810",1,0,1,2,0,0,0,0,0,4
"text811",0,0,1,6,1,0,1,0,3,0
"text812",0,0,1,1,0,0,1,0,0,0
"text813",0,0,2,1,1,0,0,0,1,0
"text814",0,0,0,0,0,0,0,0,0,0
"text815",0,0,3,2,1,0,0,0,0,1
"text816",0,0,2,2,1,0,0,1,0,2
"text817",0,0,1,1,0,0,0,0,0,0
"text818",0,0,0,2,0,0,0,0,0,0
"text819",0,0,0,7,0,0,0,0,0,1
"text820",0,0,0,1,0,0,0,0,0,0
"text821",1,0,0,0,0,0,0,0,0,0
"text822",1,0,0,2,0,0,0,0,1,1
"text823",0,0,0,1,0,0,0,0,0,0
"text824",0,0,0,1,0,0,0,0,0,0
"text825",0,0,0,6,1,0,0,0,0,0
"text826",0,0,0,0,0,0,0,0,0,0
"text827",0,0,0,0,0,0,0,0,0,0
"text828",0,0,0,2,1,0,0,0,0,0
"text829",0,0,1,0,1,0,0,0,0,0
"text830",0,0,1,0,1,0,0,0,0,0
"text831",0,0,0,0,0,0,0,0,0,0
"text832",0,9,5,0,0,2,0,0,0,6
"text833",0,0,2,13,17,0,4,0,1,2
"text834",0,4,0,9,0,0,2,0,0,1
"text835",0,2,2,10,2,0,1,0,0,0
"text836",0,0,2,4,0,0,0,0,1,0
"text837",0,5,4,0,0,0,0,0,1,0
"text838",0,0,3,6,11,0,0,0,0,0
"text839",0,0,5,5,64,0,0,1,0,0
"text840",0,0,3,15,0,0,0,0,0,0
"text841",3,0,1,7,0,0,2,1,0,0
"text842",0,0,3,0,0,0,0,0,0,1
"text843",0,0,5,10,5,0,0,0,4,12
"text844",0,0,0,3,0,0,0,0,0,0
"text845",0,32,9,4,0,2,0,0,0,0
"text846",0,5,4,0,0,0,0,0,1,0
"text847",1,2,3,14,0,0,2,0,0,0
"text848",1,0,2,17,0,0,0,1,0,3
"text849",0,2,3,8,0,0,0,0,0,0
"text850",0,0,0,1,0,0,0,0,0,0
"text851",0,0,0,2,0,0,0,0,0,0
"text852",0,0,4,1,0,0,0,0,0,0
"text853",0,0,19,0,0,0,0,0,0,0
"text854",0,0,4,1,0,0,0,0,0,0
"text855",0,0,1,0,0,0,0,0,0,0
"text856",0,0,0,2,0,0,0,0,0,0
"text857",0,0,0,2,0,0,0,0,1,0
"text858",0,0,0,2,0,0,0,0,1,0
"text859",0,0,0,1,0,0,0,0,0,0
"text860",1,0,0,1,0,0,0,0,2,0
"text861",1,0,0,0,0,0,0,0,0,0
"text862",0,0,0,9,0,0,3,1,0,2
"text863",2,0,0,6,1,0,0,0,0,1
"text864",0,0,0,1,0,0,0,0,0,0
"text865",0,0,0,2,0,0,0,0,0,0
"text866",1,0,0,2,1,0,0,0,0,0
"text867",0,0,0,4,2,0,0,0,0,0
"text868",0,0,0,6,2,0,0,0,0,0
"text869",1,0,0,4,0,0,0,0,0,0
"text870",2,0,0,4,0,0,2,0,0,0
"text871",0,0,3,0,1,0,0,0,0,0
"text872",2,0,0,1,0,0,0,0,0,0
"text873",2,0,0,9,0,0,0,0,0,0
"text874",2,0,3,22,0,0,1,0,1,1
"text875",0,0,1,10,0,0,0,0,1,0
"text876",2,0,3,22,0,0,1,0,1,1
"text877",2,0,0,1,0,0,0,0,0,0
"text878",2,0,0,1,0,0,0,0,0,0
"text879",0,0,0,21,3,0,2,0,1,0
"text880",1,0,0,1,0,0,0,0,0,0
"text881",1,0,2,3,1,0,0,0,0,0
"text882",1,0,2,11,1,0,0,0,0,0
"text883",1,0,2,5,1,0,0,0,0,0
"text884",1,0,2,3,1,0,0,0,0,0
"text885",1,0,2,17,0,0,0,1,0,3
"text886",0,0,0,1,0,0,0,0,0,0
"text887",0,0,0,4,0,0,0,0,0,0
"text888",1,0,0,8,0,0,0,0,1,1
"text889",1,0,2,3,1,0,0,0,0,0
"text890",0,0,0,5,0,0,0,0,0,0
"text891",1,0,2,6,1,0,0,0,0,0
"text892",0,0,0,5,0,0,0,0,0,0
"text893",0,0,0,6,3,0,0,0,0,1
"text894",0,0,0,6,0,0,0,0,0,0
"text895",0,0,0,0,0,0,0,0,0,0
"text896",0,0,3,0,1,0,0,0,0,0
"text897",0,0,0,0,0,0,0,0,0,0
"text898",0,0,0,20,0,0,0,0,0,0
"text899",0,0,1,0,0,0,0,0,0,0
"text900",3,0,2,2,1,0,0,1,1,1
"text901",0,0,0,1,0,0,0,0,1,0
"text902",0,0,0,0,0,0,0,0,0,0
"text903",0,0,0,0,0,0,0,0,0,0
"text904",0,0,0,0,0,0,0,0,0,0
"text905",0,0,0,4,0,0,0,0,0,0
"text906",0,0,0,6,0,0,0,0,0,0
"text907",0,0,1,4,0,0,0,0,3,0
"text908",0,0,1,4,0,0,0,0,3,0
"text909",0,0,1,0,0,0,0,0,0,0
"text910",0,0,1,0,0,0,0,0,0,0
"text911",0,0,0,10,0,0,0,0,0,0
"text912",0,0,0,2,0,0,0,0,0,0
"text913",0,1,0,8,1,0,0,0,0,0
"text914",0,0,0,12,0,0,0,0,0,0
"text915",0,0,0,0,0,0,0,0,0,0
"text916",0,0,1,13,0,0,2,0,4,0
"text917",0,0,0,3,0,0,0,0,0,0
"text918",0,0,0,4,0,0,0,0,0,0
"text919",0,0,0,5,0,0,0,0,0,0
"text920",0,0,0,3,0,0,0,0,0,0
"text921",0,0,1,0,0,0,1,0,0,0
"text922",0,0,1,0,2,0,0,0,0,0
